spt_id,cv_fold,is_bb,p_audio
1XxRYmDKuABtbtCozx3pA2,1,0,0.20788065
4QeXQ6EfI0rCsZEoDS7NtF,0,0,0.17477794
2zfbxpGbjwck72JXOdBonZ,1,0,0.15308256
7qzTaf38OEZCANIgYAz1sM,0,0,0.14358348
70eFcWOvlMObDhURTqT4Fv,0,1,0.7608018
1Qrg8KqiBpW07V7PNxwwwL,0,1,0.5477983
16Ah4QqH4mgYVXqfC4mdSd,0,1,0.77303374
2XHzzp1j4IfTNp1FTn7YFg,4,1,0.7532378
2UVbBKQOdFAekPTRsnkzcf,3,1,0.7241215
1qA9TnEJ2sUub9QkN9K3Mv,4,0,0.44770226
1lnPwGXiXnYwUp0Nd6izON,4,0,0.29925442
48ANRZNlUoBElQztu4hv3I,0,0,0.3330414
0fgZUSa7D7aVvv3GfO0A1n,1,1,0.84508127
0dt4CRRsWhEsgkgYNWMsh5,4,0,0.18253073
1Iq8oo9XkmmvCQiGOfORiz,4,1,0.7526562
5G9EDMCULzocrXh59ziW2s,1,0,0.14179175
22vgEDb5hykfaTwLuskFGD,3,1,0.8356356
0SKbj3NTkGFS76OkFmAw0u,2,0,0.24821243
0kDUotOdrONmWJGPMyYFh1,2,0,0.080908835
5ujS2PWCJsJaMdM7E5AYS1,3,0,0.30614847
6Up545NUflOiXo8cEraH49,0,1,0.5122497
2xLOMHjkOK8nzxJ4r6yOKR,1,1,0.8301069
20ba46kBOIncnWcrUAPyYI,2,0,0.063639216
4RYA2iXLysm9tB5RgzFVze,1,0,0.14755878
3rosTvZ4MAbOAzNbbEp6Ha,4,0,0.48063883
4pkb8SbRGeHAvdb87v9rpf,2,1,0.6180471
5Es5pG548uc04wSlpBKlUN,3,0,0.35838893
1kPpge9JDLpcj15qgrPbYX,1,1,0.75182164
48GBbQiTSlXX5i0cn3iIiJ,0,0,0.5017853
7BHEi0cFs6TVNFDvbBrAjz,2,0,0.47269776
5BdrLgr97sT2gq0oI5fd1c,3,0,0.26987812
39C3SOi6UMD9rHeXAQPNa9,0,0,0.34737438
12eMQUn2GzfsfsQLH53M19,1,1,0.7791686
6HZ9VeI5IRFCNQLXhpF4bq,0,1,0.70428044
3PntTOqdd3qb6bojI3CVaN,3,0,0.050273415
2Z8WuEywRWYTKe1NybPQEW,3,1,0.8183559
2BT16kSveTFhwmsdqjWxjm,4,0,0.11755588
6RRNNciQGZEXnqk8SQ9yv5,4,1,0.8530599
48RrDBpOSSl1aLVCalGl5C,4,1,0.8037488
2TZ9kaTiLewawHZK7yylSC,0,0,0.17455103
7uzmGiiJyRfuViKKK3lVmR,1,1,0.6733872
32OlwWuMpZ6b0aN2RZOeMS,2,1,0.8070331
0OWZFobGSIW9GrSlQ9C5pc,1,1,0.5247624
5HJquCkq9Ixq0O8y0dAiIW,0,0,0.06429551
5dVeOUI43XmZ8Pg0CPifW4,4,0,0.30132824
1Ist6PR2BZR3n2z2Y5R6S1,4,1,0.71354336
6ZV9wdnLyCWTra8vnVvz09,3,0,0.29274416
73f2uSzP92RYlXzITudNzv,0,0,0.3518895
5G2f63n7IPVPPjfNIGih7Q,1,1,0.5399785
1mKXFLRA179hdOWQBwUk9e,3,1,0.84637815
0w1uGsI3cjP7xSX97XrvQo,3,0,0.18597367
6FxC6j3SQlVsnokxxhAxXN,0,0,0.44248858
5OUSPcqhYTOzpbXzoEvKim,4,1,0.69719034
3xVZYkcuWalGudeKl861wb,4,1,0.59111184
7zVCrzzEJU7u24sbJPXA5W,4,1,0.56742346
3sYBFUXTv0STUoUINx9Qe8,1,1,0.8176487
5zFglKYiknIxks8geR8rcL,3,1,0.78993386
1dekgAFF9uTCqLsklDaCWb,3,0,0.0657647
0BCy325UZyR9z0t0uxwn2N,0,1,0.6279024
7rL602DQps4QmrrjbinLzP,0,0,0.12045913
3sf3UltkA8AYsYOgpSYP5l,2,0,0.5477326
0l0CvurVUrr2w3Jj1hOVFc,0,1,0.6798205
5Zb6THrh1D6xUXkrrCYan4,2,0,0.31208032
5DBjfRTOu395Fr5o7RTA0H,2,0,0.15382361
61waVybdmiALy94UNU5M6s,0,0,0.46963242
2tpfxAXiI52znho4WE3XFA,1,1,0.70956177
6Nc5QI0ODERfwrJDZECoe7,4,0,0.32255256
6fxVffaTuwjgEk5h9QyRjy,0,1,0.6778179
2TuKKkNajalhwhGPzAqH9m,3,0,0.29454884
2ihCaVdNZmnHZWt0fvAM7B,4,1,0.6723772
4sqK3chS8d96laonwg2xVq,1,0,0.2581276
0HFoJSIbneK6QWLnPJjML2,2,0,0.2398979
27tNWlhdAryQY04Gb2ZhUI,1,1,0.75526065
5NQbUaeTEOGdD6hHcre0dZ,2,1,0.6560279
1IA65F2uYuqeaEVx0Hjjfe,2,0,0.118055165
7uokjCoYFxSdgcq53GNWhJ,3,0,0.34933752
6609cCUb8ayZkTUvkJ03Rm,0,0,0.14912587
6g6A7qNhTfUgOSH7ROOxTD,4,1,0.7949436
2EEeOnHehOozLq4aS0n6SL,1,1,0.7386511
0tgVpDi06FyKpA1z0VMD4v,0,1,0.7486547
15C4TnrrVdym7UykxQIOTZ,4,1,0.8097012
5mHdCZtVyb4DcJw8799hZp,2,1,0.6344863
7hZtfayYQukFySbj746HJL,3,0,0.18747255
4FlTbvKgYXQQoZcuPMhhyp,2,0,0.28049335
5YqEzk3C5c3UZ1D5fJUlXA,3,1,0.7869097
5VSgSktetufsSWNfoscbvq,1,0,0.045497596
04HywTwgGtbATUROKD5Ata,4,0,0.39506447
62aP9fBQKYKxi7PDXwcUAS,4,1,0.6794935
1j5uMKcBWSaJHFLRCCpCKQ,4,0,0.19068106
56orvDKaaL0lWllCuTqMED,4,0,0.46101272
6dyMer5WZ2hpIKNbb9fa1T,2,0,0.55605435
2T0dh7hiBM73mEFwUGSqMQ,0,0,0.39180693
1gihuPhrLraKYrJMAEONyc,0,1,0.74484736
2zt7BAfxMaQmuDYebTfqtb,1,0,0.26454246
7KokYm8cMIXCsGVmUvKtqf,4,1,0.7216656
5MEYDJVJMaGAXfddTo0D6J,0,1,0.785884
6YUTL4dYpB9xZO5qExPf05,0,1,0.5117191
6V1bu6o1Yo5ZXnsCJU8Ovk,3,1,0.82252127
1YlOZY3puELE0PgxD1enZo,1,0,0.649646
1Rw3HZkVVR0MjEVIH8hgLo,0,0,0.5084528
41Fflg7qHiVOD6dEPvsCzO,0,1,0.8400449
18s2VXUFA8RmEPFtkgRJJK,2,0,0.070564926
315lUcWQbGT0IH21ukBWlh,3,0,0.06546648
2xsAm4w9P3kSF1DophKAiF,3,1,0.5798349
13yWzrXrEtiAvQzo0ZgHYA,1,0,0.14354545
2plbrEY59IikOBgBGLjaoe,2,1,0.70329446
0mBKv9DkYfQHjdMcw2jdyI,2,0,0.49342448
5jQI2r1RdgtuT8S3iG8zFC,4,1,0.7081387
35BAwUMAhz3P5FTbQRBmZI,1,0,0.109571174
2LEF1A8DOZ9wRYikWgVlZ8,2,1,0.7325241
515OfuSUlr2igB70C83M13,3,0,0.37576866
2iESiCRjb0axMYi1bZkGbi,0,0,0.4175081
6Ld8WXbMN3g8s5lbmyG0uH,4,0,0.13349162
3lSDIJ2abCrOdDJ6pshUap,1,1,0.84417766
36meE3FrlfHJmc1Yi37JQx,0,0,0.09836179
5nmHl233yo8XJvaNfdKAWU,2,0,0.30017105
1wjoepBCP3UGg8iOVic3nn,2,0,0.13428794
7nD9nN3jord9wWcfW3Gkcm,0,1,0.83147085
1HFfMOxCAT4GAwaPfCdmUs,3,1,0.73987067
1DzRqP1kaRcdAbbuA93PFw,2,0,0.29934525
0ivSICeARK2xi8iRvHeVAd,4,0,0.24534172
43zdsphuZLzwA9k4DJhU0I,4,1,0.67309517
5w1vhNA2OEWUQ371QzyMmM,0,1,0.80661577
5O2P9iiztwhomNh8xkR9lJ,2,1,0.71802753
7e44z4wOjkllaD8eulUeMd,3,1,0.8419876
4Ce37cRWvM1vIGGynKcs22,0,0,0.72974247
0M9ydKzuF3oZTfYYPfaGX1,3,1,0.671883
3EO58D1YpHnTvBy68gK8HE,0,1,0.68703735
6dbSBQXCctYSVryynHXaZ4,3,1,0.8274777
36pLU2ywVeBKEF0rrKtmCB,4,1,0.77865314
2gwkD6igEhQbDQegRCcdoB,1,1,0.7065595
199ay7SDkskvNFylhPPMYU,4,0,0.30850056
6FZDfxM3a3UCqtzo5pxSLZ,1,1,0.8618892
7kmljzcVVr6Phj1IL27AVc,4,0,0.104190096
2k1PUdpVQbeJYSkQm50zLO,1,0,0.15338683
4urcG6Nfubqsuqy3juMjBi,2,1,0.8263687
4q6dqyGM25sKFU8nYAGRe4,2,1,0.8293046
72jFoOulGip53D9qZWMvi2,1,0,0.22056699
4P0osvTXoSYZZC2n8IFH3c,3,1,0.77528894
7lidXGPXPYLNThITAOTlkK,1,1,0.6759987
3By9IFm4E2BvKQygT04O8g,1,0,0.6410546
4pCaeoKmsr85fn8THb0Jnc,0,0,0.36060214
1fXV02Qh6002zRidAcjFOg,0,0,0.12215058
0VDmMjl5LuQUaMGdSCesnt,2,0,0.335199
7vu0JkJh0ldukEYbTVcqd0,3,1,0.82459646
7qiZfU4dY1lWllzX7mPBI3,0,1,0.8755828
4iZ4pt7kvcaH6Yo8UoZ4s2,0,1,0.7884801
4E63weMCaNZuGPEFMnuEi8,0,1,0.76833385
7MGCdXA9hghopcTiSmYFus,2,0,0.09508269
4kbj5MwxO1bq9wjT5g9HaA,1,1,0.6171035
2toVe5hfuIi97ytDPDbQFt,4,1,0.87660724
51mwvxRXUktJYBXqq9uXuo,0,0,0.33823302
0fYVliAYKHuPmECRs1pbRf,2,1,0.46474457
2y4lAQpi5VTNLu2ldeTdUH,2,1,0.80028856
2Yl4OmDby9iitgNWZPwxkd,4,1,0.86023
2ljBzSWN7BhubXwqbdtE8e,0,0,0.043663077
2wSTnntOPRi7aQneobFtU4,0,1,0.83841693
5eCkuGPZNl4mISFNPgr3Dd,0,1,0.71339446
3xbxh3LW9v6E3wn1AwUJfe,0,0,0.15320991
0yPWj2trBQazAUasaLmqbU,3,0,0.13669923
0RdeBuehFZDqizsfbFQxUi,1,0,0.1634016
2T23r4De9TGsNRF4u7tU8p,4,0,0.41593555
18XfhVkjMrvih7OywxBeOz,1,0,0.15088513
12N5hUETprhgb2zeWAzUkS,4,0,0.38512862
2uXlHCUbq9OMUwx3hrk06o,3,1,0.6723456
5YEOzOojehCqxGQCcQiyR4,1,1,0.558886
22mek4IiqubGD9ctzxc69s,3,1,0.78236234
6hkjKixSrlQurLqgc9RSGx,0,0,0.2497497
5ho8oss55EBoevEvhlrCo2,1,0,0.10990984
1xzBco0xcoJEDXktl7Jxrr,0,1,0.650119
6to111eRsvoClVL7d9BRfa,1,0,0.29180148
4C6Uex2ILwJi9sZXRdmqXp,3,1,0.6608953
1diS6nkxMQc3wwC4G1j0bh,4,1,0.7690674
2pIkKOkz4HiXNza1xfSBEo,4,0,0.12803602
3BEG90ffpOk0TO8PTEA4AT,1,0,0.25332507
1rDVaaK71S83I9cpQR2aKl,0,0,0.05436436
7d4CKDt1av9NE0be9bugWW,3,0,0.046877023
63gUTDYyGuFbNdpJmMMX9I,1,0,0.18932997
6eBpGavikKcTF89k0qfw0P,4,0,0.103384025
4Pdaly89XS1AQV1QARV0yK,4,0,0.16460754
3g7srauXB5IBwGV0menlIB,0,0,0.07617348
6r0ZHBrnN30QZiO2r5vc5i,1,0,0.13604529
5mueyPaJsGl0bGiZSu1z0e,3,0,0.53201014
5rQ99yGrZePB0cfdhP2yTi,4,0,0.19475882
2QZ7WLBE8h2y1Y5Fb8RYbH,1,1,0.75682217
6E11E0lT5Zy7yb6iT3y8DN,4,1,0.75422364
1wfZdPy5FRWsdWaAEOG0Ml,2,0,0.3524307
76hfruVvmfQbw0eYn1nmeC,0,1,0.8116786
3QaPy1KgI7nu9FJEQUgn6h,4,1,0.6867515
0sHc1EEeOnmgjP6QmsR7px,1,0,0.71097827
07MDkzWARZaLEdKxo6yArG,3,1,0.84602016
5O5OavctuO9wnt7smmAQku,0,0,0.3843257
6BORJ0ZazxMBpM3cWg79Id,1,0,0.12264431
2kalDCDKHDOCGoawOg9xIo,1,0,0.25967336
12K4heaHk5aHqb2LDv8gC1,4,0,0.28622404
4hPpVbbakQNv8YTHYaOJP4,1,0,0.6621238
5CXnIPD6rTjszYYQm6fY2P,0,1,0.70280206
5oIVNm56t6OIf9ZjdEG3ud,1,0,0.1696117
5UfuygJfTKp2dGtWDWOLvg,2,0,0.24037008
6s9ICeczYOfbHHIaSMq9jd,0,1,0.5374848
0V3wPSX9ygBnCm8psDIegu,4,1,0.7717426
1VjaZbooaWkntfBLoH6Tb8,3,0,0.6986549
5UXiVaP9ngjUGyj32SeOy7,1,0,0.63100135
1qEmFfgcLObUfQm0j1W2CK,0,1,0.777509
7IYZNVEseDwrWbKe1n0X4j,1,0,0.3513657
4NWctT5ACNTPJadWyJKSWo,1,0,0.55068624
37BzQ6nCVvtjtRN0142zge,2,0,0.3561877
4mtmmBBEgdJLYWnLy5zvWE,2,1,0.7206322
5FljCWR0cys07PQ9277GTz,4,1,0.8588873
2E43WFS4rRc09za2r2GmZl,3,1,0.5696437
2K87XMYnUMqLcX3zvtAF4G,2,1,0.81959313
76VtA90NKurNqaQpV126Ue,0,1,0.7506863
0E0xCeOBQRSkbABuLVOR4F,1,0,0.48592764
29SvTTSIa1hdulOzztjBDw,4,0,0.13079298
7dJYggqjKo71KI9sLzqCs8,0,1,0.78056026
00PmVuzpGbFDLVZbPhPEUT,4,0,0.52236754
58w5J5yNWeGZ7a4cM1rO7Y,4,1,0.7421868
32l3HV3vwkoVjagjLGdJll,4,0,0.19518584
6PCUP3dWmTjcTtXY02oFdT,0,1,0.65181684
0h6X7BCq7IYKHNoXln3LX3,2,0,0.07520489
6vQzDYRYwVv3YQIaeMmT7N,3,0,0.11260728
34yAAS72vZUXvsQPHGZexE,0,0,0.29780146
629DixmZGHc7ILtEntuiWE,4,1,0.6209173
29JrmE89KgRyCxBIzq2Ocw,2,1,0.8603472
1X1DWw2pcNZ8zSub3uhlNz,2,1,0.6995742
6fm1wV6DlN5d7C3UC5hdOX,4,0,0.27059516
4eWQlBRaTjPPUlzacqEeoQ,1,1,0.7984155
66t7utfP4M3sQJX0fw81q4,4,0,0.17635913
0AgeQpRVvKKHQr5RxImIA3,3,0,0.0665518
0WNfQxDGaPTl0yogcMR5v1,2,1,0.7695167
4qwSAMwROvCd8QMCwZl7GO,4,0,0.25864232
1ebc9N7CRDuLAyoPKYbAPx,1,0,0.12564033
1OFgEELgwfTOt3WcBuOPxk,4,0,0.4372314
6wf7Yu7cxBSPrRlWeSeK0Q,4,1,0.57345176
3Vr3zh0r7ALn8VLqCiRR10,0,1,0.68655884
4fouWK6XVHhzl78KzQ1UjL,0,1,0.63510627
5fC5FVZx30t7ZMGdcdyigc,4,0,0.037192386
62PaSfnXSMyLshYJrlTuL3,2,1,0.7529364
3Cmk8tpw16p5KKnvN1HTgB,2,0,0.3015248
3BxsBcF3pnwOq69VZuEI5N,1,0,0.20459138
4MQfntyMKsALV9J4ht9BEq,0,0,0.38154352
7wHyS43lEqEMFxAjTcpARd,3,0,0.18297559
0SuLAslEMFZAXf0SwY7syi,2,1,0.86596733
6O33G75ykzQi3JZfQByc3t,0,0,0.27557588
588MPhMBqTP1IdOYPRGmZW,0,0,0.13125448
76cy1WJvNGJTj78UqeA5zr,4,1,0.8725419
13ZsCa2muiXhSgfz4J1LDg,3,0,0.407492
4VVfzoh8MuGWLIpcF8vB1O,3,0,0.22555588
72GVdRHK49beKrC1NqRCqj,3,1,0.8120177
4lDOGXgNqQZqEPA9nonR6t,0,0,0.16696721
1o1Pny4JcE3LdUBeBedbm6,3,1,0.8226821
2DbDefRFJ5YOfXCKOeCJJh,0,0,0.40093955
7o1Pm9jpH0wFpN5g793Lnq,2,1,0.7984873
6vIi1fDLoB0cXdUqcZ6QRi,2,0,0.14828247
6i0V12jOa3mr6uu4WYhUBr,3,1,0.74964
4PMqSO5qyjpvzhlLI5GnID,0,1,0.6120658
1LJHaEviO17R5ayPKb0Qb6,4,0,0.18567106
5cF0dROlMOK5uNZtivgu50,0,1,0.85788244
19kUPdKTp85q9RZNwaXM15,4,1,0.6998399
2KYRuoSR708PWRDaj2SZaa,4,0,0.07076762
1gtujMFECzLtqLO7WdN1s5,4,0,0.23233265
2uvkKq5fVKoI8AMUyB7Lt8,0,0,0.112951584
1p80LdxRV74UKvL8gnD7ky,4,1,0.8782873
3Vo4wInECJQuz9BIBMOu8i,2,1,0.74415094
1eUvaf8Z4P2kU6flnFIzzD,1,0,0.15323253
4e6ZN0EcEqYx74BTC5xQzy,4,1,0.5970073
7oGZAicScQt96OAW4AruYy,4,1,0.8530278
79R3qLqdbwUSYWX4cEOpbJ,0,0,0.42303014
7c1Gt8oLIsVgKHnekswmw2,4,0,0.06635269
05SBRd4fXgn8FX7bf8BCAE,0,1,0.69045866
1eQZUmC4ZBYHvOOyl1JkN5,1,0,0.24836679
0hL8yBivUahlm1rhQ1a0Xx,4,0,0.25721517
21QQ5b9PP7GnWl2GI98kjD,0,0,0.06439989
0bILU0UiNDmA5Ff6whhb2R,4,1,0.7076876
2ig2xQfH9n76wdgAipnD5i,1,0,0.59282374
5QYATXoAhM9FsBv9ZdbQ4i,2,0,0.18980727
2aQwdBWk4vSPWk1Csgtzdo,0,0,0.3873528
6LoQHIo74tOzQ8EsLEkhgF,4,1,0.8324019
25CA8QVJQrh5R05UUCaODM,2,1,0.798814
4V8UAYs096q62PGVQuudbw,1,0,0.6869519
3ON6Y6KAlNjOyj4wEquCRz,4,0,0.5058182
4XNrMwGx1SqP01sqkGTDmo,3,1,0.8183499
32XaqPVTVkkuOiOPQZ3SpA,3,0,0.11802316
5g3h8gCrJwDABVoDZl69yt,2,0,0.14309216
6uHcXmNcm6qU1h5yVKTY58,2,0,0.5685915
1KxwZYyzWNyZSRyErj2ojT,1,1,0.7269821
1WbYFNSUNn9fP1x0Z5DU95,2,0,0.38127014
1TwLKNsCnhi1HxbIi4bAW0,0,1,0.80943984
6Uy6K3KdmUdAfelUp0SeXn,4,1,0.8080325
4kZlcEXnP90soPZLc85aBK,0,0,0.1667981
07KXEDMj78x68D884wgVEm,3,1,0.88108575
3LlAyCYU26dvFZBDUIMb7a,3,1,0.62655556
24LS4lQShWyixJ0ZrJXfJ5,0,1,0.72420776
6I3mqTwhRpn34SLVafSH7G,4,1,0.5315805
65cv0OI9HmwR4EmN6CWucM,2,0,0.27368084
1tyfx8Ia1nTgpujgKFugss,2,0,0.06189288
5e1F4YZGMOWg8ROXZyJfAA,1,0,0.10387517
3FBisbTYZcpmPPAjnXE7w9,1,0,0.37918788
75lo8VozcCLRG9WGG674iD,4,1,0.74054617
4jL6WWKFDqCOPo2hC3VhSS,2,1,0.6330777
1BllALFzMck8VAezqbpoKV,3,0,0.16975215
0Dsga1306uOFIDpEoIUsCq,0,0,0.26973552
0dIoGTQXDh1wVnhIiSyYEa,4,1,0.78104174
71QRhIccCmaxuDInqIO5xq,4,0,0.079809606
16wAOAZ2OkqoIDN7TpChjR,4,1,0.8502348
2QsgqAZ4SwuipP30znNeof,3,0,0.11628291
2z1LgCApxLsaB5SNgJTGzX,4,0,0.18405616
3d32X1JXSXTH32lyK20SkS,0,0,0.110799044
1XRgIKC5TPwo7nWGyKqgG0,4,1,0.8484215
6FB3v4YcR57y4tXFcdxI1E,4,1,0.8294137
3zHq9ouUJQFQRf3cm1rRLu,1,1,0.60916245
3oiMJQAWVaxSubJ7b2VUtX,1,1,0.8336286
6315XlIxnHKvQGA4zpusuV,1,0,0.10422902
7jP7iCJ1cXVXYHWIkYtP6d,1,0,0.4091793
0iWFz0Q5Qha9bx325ocFWq,4,0,0.39102268
65y06cXpmPD1N9NLhy1Akj,4,0,0.2914968
6Swa2wkTqv5AzmeptAdn4d,2,0,0.13887642
0PuUfJ1DgkMCJOeubtz8AA,0,0,0.38961938
35ovElsgyAtQwYPYnZJECg,0,1,0.56591696
2QjOHCTQ1Jl3zawyYOpxh6,2,1,0.5310979
78OdP5DHibfC0n3W9mGxY1,1,0,0.32717493
0TBgMKD86t1VP3IzhxCoUl,3,1,0.7423433
6aSwH4whSmRnIZGwjXZS4C,4,0,0.2865757
4Xx0J00u90QvnG3rwz4Itp,3,0,0.49434164
5Oa4jjIe7d4tGsXevIQdrK,0,0,0.6029394
1DbZAffh8GGwW41Q3AU8iC,0,1,0.6725637
6I6JOi3mf6q68dE7JxzYUC,0,0,0.124571666
6JjPBQfI2Y8nIjnm65X6Pw,2,1,0.82964414
4bsVr6YLbGDzERo8yVCJue,3,0,0.09445955
0PvFJmanyNQMseIFrU708S,3,1,0.7841891
5MwIGPDKeDb7SpblcaQP6O,0,1,0.85029745
3vuRYeE3ZV3FbwH6FwgaxJ,1,0,0.18647946
7K5dzhGda2vRTaAWYI3hrb,3,1,0.8260178
4W9XGjEUVG9junR70FOLii,0,0,0.7433161
6n4U3TlzUGhdSFbUUhTvLP,3,1,0.85707825
4l0RmWt52FxpVxMNni6i63,0,1,0.63136744
7MS7rMHWqV5FY0Z7hhpZJh,1,0,0.060901985
2hrUO4drrO63i7FYbCLBl2,2,1,0.66191816
3eQlGeyuSibgAGPEJugaDW,0,1,0.77763414
6t6oULCRS6hnI7rm0h5gwl,0,1,0.74493015
6c6WmIHcHlhccEwSFBhzNa,3,1,0.8474219
4qikXelSRKvoCqFcHLB2H2,1,1,0.73018616
7vjfnsnDXZGK4PSq54ISjc,2,0,0.31744823
4xhsWYTOGcal8zt0J161CU,1,1,0.8117671
1PSBzsahR2AKwLJgx8ehBj,1,1,0.7451372
6R1ArLLvqPvS3AHg9YgmrQ,0,0,0.41764247
5tz69p7tJuGPeMGwNTxYuV,4,1,0.7304979
6EDO9iiTtwNv6waLwa1UUq,1,1,0.84242105
0heNuib4Sav7wTa7WgpQ49,2,0,0.24169615
56IU0nuwzC9IKvVuOy1seD,3,0,0.22777592
1F1qLs8bVuxjI5kE8xOazm,2,0,0.10367391
40YcuQysJ0KlGQTeGUosTC,3,1,0.80103534
0lYBSQXN6rCTvUZvg9S0lU,2,1,0.7022638
2GGMabyHXnJmjY6CXhhB2e,4,1,0.7934202
60ynsPSSKe6O3sfwRnIBRf,0,1,0.72406197
6DEaND0SHv3sC11xobZLiy,0,1,0.6537694
3OzCF9i6Ey7EkkAYJztmKp,1,1,0.76994413
3j84U36KvLeXNDPv4t5pI8,3,1,0.74958146
09IStsImFySgyp0pIQdqAc,0,1,0.81789464
0Y1MWB026LYxGvhq4EcMiC,3,1,0.5833836
07kMiv6UkKywlCVimdpxUx,4,0,0.06400933
5a7NdkF09AfD0H607eiOkX,1,1,0.8014967
0UAB340gAcSMk3r0a8PTag,2,0,0.40646476
5S9lfZu1YF8xKkgSsqL2Bd,3,1,0.59042555
4iQFfCO7ATDe8JizP5QKIM,2,0,0.050396267
2ekn2ttSfGqwhhate0LSR0,4,1,0.8323074
7qCAVkHWZkF44OzOUKf8Cr,4,1,0.78656757
1rUQmXEy41tXwHIKFECNTa,1,1,0.7056839
0U3U2BbtXbgPscRIaGWLtJ,4,0,0.10985422
6pw1Wu2oPMWzn4oJ4Ppopu,0,0,0.33586448
5VgYeY1uWRuHRPIt0uz4iA,1,0,0.44057164
37jTPJgwCCmIGMPB45jrPV,3,1,0.7238428
2PnOCPd9oZhbLGSzzFf8Ba,2,0,0.06374267
0WbMK4wrZ1wFSty9F7FCgu,1,1,0.7474754
3rmo8F54jFF8OgYsqTxm5d,0,1,0.69331014
0am001WwFBVGDGLwRh3ixi,2,1,0.83075035
6K7tbjweliRGJ2rMT7Aesy,2,0,0.5350816
1rfofaqEpACxVEHIZBJe6W,1,1,0.86052257
3NSmC1EQKOdUe6KhMrDDk5,4,0,0.36640468
1WkMMavIMc4JZ8cfMmxHkI,1,1,0.75176245
6dOtVTDdiauQNBQEDOtlAB,4,1,0.58028823
4qQwGRtGT7l6ckQtdPEFd4,0,1,0.70604825
3cXEhlI2PKHEjDt39I2upA,4,0,0.49606335
2phNY2bHpAbROCrpAZw2R2,3,0,0.5217022
0ltWabjFKp4e1qqS93DI2n,3,0,0.32197773
6qzJH7vax8R2ywupGjViy2,1,0,0.17720546
6J5sxraPPZ4b0CVOGAgpXj,0,1,0.8239151
4l0Mvzj72xxOpRrp6h8nHi,4,1,0.5145837
6CThut6kPrjot0pTJOTEer,2,1,0.73053396
1V3WzyG1pYRlWHtbT5XYH6,4,0,0.27349374
6vnToAh7RIRYU4XMM2Wir4,1,0,0.4096789
0QY5rPPBmMZMBVvmDckQhx,4,0,0.14552005
1PHXS9pkvHwUbRPnA5XyHn,4,0,0.12416147
3DarAbFujv6eYNliUTyqtz,0,1,0.8076834
0AS63m1wHv9n4VVRizK6Hc,1,1,0.73892677
45XhKYRRkyeqoW3teSOkCM,1,1,0.7867617
4cktbXiXOapiLBMprHFErI,3,1,0.7743715
4ptlAXjTGJgjrxGQ7EGn4W,4,0,0.39610246
6KeD9SvXkjmbgKxOT2dy3K,2,0,0.2227988
3CRDbSIZ4r5MsZ0YwxuEkn,3,1,0.8456598
6OhoxQCOlfQaeEyYQ9vHfA,0,0,0.21152897
1h46YgHBuJqwJ50efAN4yT,3,0,0.21056671
58q2HKrzhC3ozto2nDdN4z,0,1,0.7577688
78Du4CMFgnhdlG33gblkiP,0,1,0.58110505
1ms5tNNdPouTtcD2oVF9Oz,0,1,0.82052076
3Ws514Z32R5RStEknopqFP,4,0,0.42458582
0FDzzruyVECATHXKHFs9eJ,3,1,0.4857019
1McB83bDNHKktZYh6GSSSy,1,0,0.2528321
67g3peWMWu7Vbq7aZNe1Ts,0,0,0.54312176
7COfe3P7KgfwDwIRB8LIDw,3,1,0.6310912
578Eooad7oUyn4stovZiPg,4,1,0.78311235
1jMjqKIBm7r94LnsPVHD0z,1,0,0.10098286
6Nt8JXqD73iPp1tJLJduaQ,2,0,0.2583219
6rVuwfysYo1Bp4Hoc4YuE0,1,1,0.71605366
4YzYSRZTMgVngQP1iL38RI,3,0,0.7059577
5R4fsCui16zT31xp9rsRkm,4,0,0.15424885
7pNC5ZIKtwUK0ReSpM3P9f,1,1,0.8730651
762DNrRoNdC6IyKWcPY0Vu,0,0,0.36336952
6irE4Fbjbry3czv7mTxVSB,1,0,0.5787514
35rSpXB5bk9ega9jsjcRts,2,1,0.79546154
0YpzP03QziAgqcZSCtjbl2,3,0,0.45938525
1rqqCSm0Qe4I9rUvWncaom,4,1,0.4933852
3Z30Gh3iEhTeQiVM47sZLf,2,0,0.6925532
5Xg5bGbWHToIMSsqWxOsej,0,0,0.15376742
5WvAo7DNuPRmk4APhdPzi8,1,1,0.5824893
1ahAuX3F6tDdNRfMdiLsv6,0,1,0.69634235
0KKkJNfGyhkQ5aFogxQAPU,2,1,0.8613314
7rKR1MvQKOminlLVUmZhwN,3,0,0.72696024
3qhlB30KknSejmIvZZLjOD,4,1,0.80798423
6JaPUxse2AsI0df7XXvetF,3,0,0.057822846
6f5ExP43esnvdKPddwKXJH,3,1,0.7274101
0rCFRyEy4WXjRXNpO80Dzs,4,1,0.666709
5WcAw6NAzt2cMDILhHnySb,4,0,0.1196183
2d8JP84HNLKhmd6IYOoupQ,2,1,0.7958054
4bZd0nRuX8HyjeXAUBczvm,2,1,0.7793572
5xzzxWj8a1YBbNZhNLqWuQ,2,0,0.17377084
5JfzG6442R2JvJXBDfUXZW,4,0,0.30982783
0SZRWZnSbvPmTVWcOjoQoo,4,0,0.2554549
3HVWdVOQ0ZA45FuZGSfvns,4,1,0.8570467
5hRkInDMxslZd6KTkIkNYd,0,0,0.23171997
2nbzkK3mlo8LWB4t73iloJ,1,0,0.54494137
6K8qKeWo5MsFED7wCR6Kop,0,1,0.8578054
6wJwkMo278iWVlWl1XQ4WA,4,1,0.80769837
1PC0GlgxnHDhqtuUQ7v0LJ,0,0,0.07189876
1BZG99C7Co1r6QUC3zaS59,4,1,0.7774207
6v3KW9xbzN5yKLt9YKDYA2,2,1,0.8528025
3nB82yGjtbQFSU0JLAwLRH,1,1,0.6787694
5jsw9uXEGuKyJzs0boZ1bT,1,1,0.85251033
7IYoh1u7dFM1xIWSEYd5B8,2,1,0.7923985
0lxCvY5L6XpFWPDH3iq9yx,3,0,0.1547556
4UPf2eHnblndIwxepTF0AP,1,0,0.32280686
3CbPsxgJB53v51wWqcY6oD,2,0,0.13653755
7q8jJ1XZEliBakZSUMFde5,2,0,0.4638746
0nJW01T7XtvILxQgC5J7Wh,2,1,0.6899038
5WaItWNLLLJ2P2AZyrsg9v,1,0,0.10075882
3B54sVLJ402zGa6Xm4YGNe,2,1,0.78379476
51ODNNDZm21HU7wI7cccRr,0,1,0.8071414
4gbVRS8gloEluzf0GzDOFc,3,1,0.83238566
4q5YezDOIPcoLr8R81x9qy,4,1,0.66968924
6rPO02ozF3bM7NnOV4h6s2,4,1,0.7688818
4Ce37cRWvM1vIGGynKcs22,4,1,0.72974247
5M8goiFYynmNxhueYW6grR,2,1,0.51179504
3vv9phIu6Y1vX3jcqaGz5Z,3,1,0.76116985
2McT2fkH0VDqPsbiB9HWPq,4,1,0.64046365
1M4OcYkxAtu3ErzSgDEfoi,4,1,0.75964326
5Y35SjAfXjjG0sFQ3KOxmm,0,1,0.5064929
76YkEVUWvMTwZVlxhYG4Mm,0,0,0.13562818
789CxjEOtO76BVD1A9yJQH,0,1,0.632402
1g0pdNC4sLKV0bGBV5ngcW,3,0,0.09775503
6GsAD8PgHxmEuIPTG8GP3M,1,1,0.7379006
26rdOwwjC2UnweK3xeS58u,2,1,0.69385624
6Knv6wdA0luoMUuuoYi2i1,2,1,0.8143011
50DKBnjijGJ2d0WV5nqNTS,2,0,0.4416447
5ya0TmUQw2wHMkq36rPsnd,1,1,0.48862368
6Qn5zhYkTa37e91HC1D7lb,3,1,0.77320814
5qrSlOut2rNAWv3ubArkNy,1,1,0.5138732
6B1iDt4SJmWFUeC61V4W7S,3,0,0.46269202
4EKH0ajMHXTkq4ztWuztVH,4,1,0.5759638
0puf9yIluy9W0vpMEUoAnN,2,1,0.76446295
5Ut5dDKfBUCMsWQbc3Lgyi,0,0,0.27192706
2vcyfSrV7QKkxvMMl3EwRv,0,0,0.12417417
5PUawWFG1oIS2NwEcyHaCr,3,1,0.5936826
51eSHglvG1RJXtL3qI5trr,0,1,0.654742
1qoa9LMGkjuLJuxf8Uy5OI,3,0,0.14430425
7l4feIUBXoYNfXwUAfeAto,0,0,0.20801945
2kwqblYAbloVXhyBVcxEw5,2,0,0.24689688
45Egmo7icyopuzJN0oMEdk,3,1,0.80797476
5BJSZocnCeSNeYMj3iVqM7,2,1,0.7090083
3S0sk6DSTgesXsUSAEHNr5,1,1,0.75169
26BY2zbKPBdk6CZZwmuVGr,0,0,0.10945158
436rdO5fgKVH3HhjA0VyFQ,1,0,0.22107384
0I6V3NmtIepabp1tg4PUIF,1,0,0.0651231
5HxyJa6E8OXdYKKfufrbKE,0,0,0.2468691
5DzDjQNWih2eZNMeE22atV,4,0,0.6693637
3bC1ahPIYt1btJzSSEyyrF,2,1,0.7886254
5Wi88A08kr3Y1OZFfgwWtM,2,0,0.30004373
1eTdTVIxLlhHwwA50vEzZa,4,0,0.28083688
0HyuVJ4BTlsRo0MrEdBbsS,1,0,0.16976528
53QF56cjZA9RTuuMZDrSA6,4,1,0.47655624
35qQhUcOMO33BxV0kW8pQk,2,0,0.084464334
2dLLR6qlu5UJ5gk0dKz0h3,0,1,0.78826296
5maiP9UMnTSgoxPX8X3bdz,2,1,0.8354479
0Hf4aIJpsN4Os2f0y0VqWl,0,1,0.7834887
1mIETcSwoPrJCMpd4gvajs,0,0,0.114231504
5DPJRKOh4xA5aMCabNSLCS,4,0,0.43722147
5XLye2xYwqnq1aOFsbP1Ac,1,0,0.18010817
66hayvUbTotekKU3H4ta1f,1,1,0.54788655
3w3y8KPTfNeOKPiqUTakBh,2,1,0.814731
0uXrbzsugKdlAwxQK2IKD6,4,0,0.082590945
4MAv7MqIlcaTBHGiUXIWiw,3,0,0.4319176
1iTWoKAdilGEmit6xhQZje,3,0,0.65409887
5xTtaWoae3wi06K5WfVUUH,4,1,0.8177913
08ljt6NCNAgewQaMya1URa,1,1,0.85561687
1TE8AAk9koG0UJco6ZAUfx,4,1,0.79241425
2bT1PH7Cw3J9p3t7nlXCdh,1,1,0.7033908
1bDbXMyjaUIooNwFE9wn0N,3,1,0.7297409
0pqnGHJpmpxLKifKRmU6WP,3,1,0.82437277
60wwxj6Dd9NJlirf84wr2c,3,1,0.6400025
1EAgPzRbK9YmdOESSMUm6P,1,1,0.7846716
0NAcDFrzFFLYym7hlraGY0,1,0,0.16742603
5lF0pHbsJ0QqyIrLweHJPW,1,1,0.80366725
1stZ0ggEGxXvwzIRmMPdO6,4,0,0.50226057
4reXo2zg1uhEIpUAacDb9C,2,1,0.54030377
4Oun2ylbjFKMPTiaSbbCih,4,1,0.8667791
4Fxj5bX8ZlTGw42BIkFwng,4,0,0.48674273
3USxtqRwSYz57Ewm6wWRMp,0,1,0.86782515
1D0PwOIdkVjW7157VR1YOG,2,0,0.25018808
4uJwQujdAC3c203QHqvwT7,4,0,0.07622844
7GJoMiUlL9ZBegGcIpFupA,4,0,0.59403723
1JdWRS3PBZlSgKcPKcULtr,2,0,0.21815142
1Nq7YzMnjDHtyqQ09NuLHM,0,0,0.073548704
2QtJA4gbwe1AcanB2p21aP,3,1,0.8280267
3ZiOxFTHhVWe4ckApB1CJd,4,0,0.14415826
1vAUsSGNMCjy8nMT7EixHU,1,0,0.33931562
4t2gJmhZZejXcx67SEtsuh,4,0,0.14918141
5JiH89mHrv9oWHlD0T326z,0,0,0.47657228
2bN0VoXCagktb6yAi9942I,4,0,0.2693044
2aJnyNu4PQxQ2lyj5boiMG,0,1,0.72165096
3UGIZ8qcrMTwzLbx6Kttqt,4,1,0.79340243
4MRT0dDbhqFKl67WzhUbSw,3,1,0.7603559
0Qh38w01QRXK6KHIv0e3hb,3,1,0.6935547
1yjY7rpaAQvKwpdUliHx0d,0,1,0.7849459
4oR2cCQGs0Yt0Mgr2diV6V,1,1,0.50284076
70KsMP2RIJDg6YAbKpWIcz,3,0,0.10137166
7ytR5pFWmSjzHJIeQkgog4,1,1,0.8150745
2XkT5kbEEWPBJ99y7AadzM,0,0,0.23778112
5JVbvCHX10U2pLa5DEqGav,4,1,0.78555596
0hy1SOTEn9ifXTzOwnCwEr,1,1,0.7536973
4FWmHUJMGLhwIgNFvYm3Pb,4,0,0.3623692
4nVBt6MZDDP6tRVdQTgxJg,2,1,0.7491596
0EE2j2FRROnvxeHCab6Ssf,1,0,0.10521029
4rHZZAmHpZrA3iH5zx8frV,1,1,0.77507
3jVtllWS5CFFWLQng8sKsr,0,1,0.8758419
1810boVAzbaxqBzAwXp2ZM,4,0,0.31802472
3XMyREykeptNpvd0tE75xw,2,0,0.2716104
17IcI8xMok8qFNhSPRufjo,2,0,0.58468664
0HappsAtiF5VJXo7v3jKRb,0,0,0.6731721
1P17dC1amhFzptugyAO7Il,4,1,0.84801733
7CtxZEZ7N2HcgTfff5yNA4,2,0,0.28528675
04aAxqtGp5pv12UXAg4pkq,3,1,0.613501
01aponripySMrxA2XTXjkV,1,0,0.049939528
14gdERIqymApVn9vcsbmZ3,2,1,0.7234088
1UZOjK1BwmwWU14Erba9CZ,2,1,0.6862599
3fBbfrWZUuWWrMQXFISr7N,3,1,0.8107146
0vFMQi8ZnOM2y8cuReZTZ2,1,1,0.6688998
30RZAuEkYeDXvy46Iv6l7E,4,1,0.6398978
5Hroj5K7vLpIG4FNCRIjbP,2,1,0.7389009
5BxPJHZF1hm9O56GhBjeO3,2,0,0.05153398
5u1n1kITHCxxp8twBcZxWy,4,1,0.71792805
6vN77lE9LK6HP2DewaN6HZ,0,1,0.80366665
5kcogo8rmbAuu8zeQbRUGg,0,0,0.17472611
5ru4gSTUUrctULaWvZlcad,0,0,0.16027425
50kpGaPAhYJ3sGmk6vplg0,4,1,0.7749719
4knL4iPxPOZjQzTUlELGSY,0,1,0.81752527
4MagTPnkPiDuIa4P8GtW1b,1,1,0.85644525
0fOdQh0inTrt49Olua9oce,3,0,0.16799657
1Q9ePyZ6uZEU6Mmiux9KiE,0,0,0.36713246
4IIknmEvthSXJInYkVNLDP,2,0,0.21012422
5hTpBe8h35rJ67eAWHQsJx,0,1,0.7231388
0uarRpkJ0fliqcxy5vCwqR,3,0,0.29430956
5gA8EOXdKP9KsXsklisT3C,1,0,0.19941951
6jfEZdUJ2Yla6h7gTJgKuo,3,1,0.7938138
5ka2ajep9OAvU5Sgduhiex,2,1,0.8343189
7DSAEUvxU8FajXtRloy8M0,2,1,0.8133283
4bIZ9j4SHomHdcTjh2rfhc,0,0,0.07806356
126oeltvIg79HHP4yAi4rq,1,1,0.8176431
0DwClY2t9YAWHBROMIgrXb,0,1,0.63234514
1Wu5ERJDVhEUDKSim34CnP,4,0,0.41201964
4jPy3l0RUwlUI9T5XHBW2m,3,1,0.70910484
0U4iRayct65wsaBMQGiLbg,0,1,0.71642005
6aXgxeYA03veaPyHHZQaj3,1,0,0.38113782
3CTYmzckYp8iCEnqCk4mJH,4,0,0.077009216
3S4px9f4lceWdKf0gWciFu,3,1,0.81523854
1BsrBCypJvmRdE7opPhBAP,2,0,0.23178001
5nujrmhLynf4yMoMtj8AQF,4,1,0.74436635
4Tt6GiWS2V9sQjZjS2xjp2,2,1,0.82016444
5pziLFnvxKHEYk1DEabyb0,0,0,0.30290976
5RdMiRPAp2cZfeZiNLG7Go,1,0,0.26658922
6mXdCcFnPKQznj4CmMRmHC,1,0,0.60862434
4G8gkOterJn0Ywt6uhqbhp,3,1,0.54357696
43VXG87ajppI8mO1Mxo8vu,1,1,0.84992796
436dUUwBFNBUKhYKmLAUdl,3,0,0.12757072
5XKXMWPACPq51OiqzxenZo,2,1,0.8416587
4WaDNrOs4CwEIvPOXTCpdi,3,0,0.34964472
6mstsFlnLZidRE8K3JGtV7,3,0,0.14634849
0IsIY8pfu1yaGkPUD7pkDx,4,0,0.16131079
6UelLqGlWMcVH1E5c4H7lY,0,1,0.64157337
4n9tc1RCBIzH94P2Q2j9Po,2,0,0.26873457
6rMwYjoFvxKiaEH4If8ZpZ,0,0,0.21762681
34cHrVZPJ6toBLGcuF3vnX,1,0,0.3724019
3kXH9BQq0TyNliiP1MIE6N,2,1,0.72141194
7lQUiU7ig8VnBUF0cHZGOH,0,0,0.08156767
1BLKbeXEpR3bIWzyp3Tf79,0,0,0.074756406
1pbHy9VBpSyZh56xuujZz0,0,0,0.6045437
5YqltLsjdqFtvqE7Nrysvs,4,1,0.61705536
1gg7VrHQD09dTZd8MzCsRA,4,0,0.06886613
37f4ITSlgPX81ad2EvmVQr,4,1,0.7296749
5ZJGv7aGdIr9IGpxzSG18T,3,1,0.7360466
4UoHr0QnT5qlvRnhKZ4nDp,2,0,0.05779538
01AbB47Hm60LTIStyzMb2g,4,0,0.10410062
2bL2gyO6kBdLkNSkxXNh6x,3,1,0.57646364
54PbBpquVfhfrwRwvjSXbI,0,1,0.8119214
2oftIq7jZ1RmxtckArhNhU,1,0,0.14025053
0ZNrc4kNeQYD9koZ3KvCsy,3,1,0.82556456
2c5auu2wlDjh3PqH35qzrc,3,0,0.54842216
0nrRP2bk19rLc0orkWPQk2,2,1,0.6486771
4EQV5E5z8vhfc6C99RehjB,1,0,0.11067485
2l6XDDLJeb75safurlAsiK,3,0,0.076297775
2Foc5Q5nqNiosCNqttzHof,2,1,0.6295151
59ywHNwwchG4nZJMLyxSzd,0,1,0.8594707
4PpuH4mxL0rD35mOWaLoKS,1,1,0.8279445
5tFep7dXGd7vEJ668wTPux,4,1,0.8411561
5T7ZFtCcOgkpjxcuaeZbw0,2,1,0.7732635
2g11HhWmh6h2EgnMK3WWSu,4,0,0.28591847
2HRqTpkrJO5ggZyyK6NPWz,1,1,0.6858356
0OSP6D8g0orNXAHhfHxgG7,4,0,0.37095678
6Ozh9Ok6h4Oi1wUSLtBseN,1,1,0.7532942
3uxOO2EPQCgEkpkdC0Tj7g,4,0,0.21141532
00KyYtT6NaXwbPecina5Pj,0,1,0.49674886
4sUznhMUu1NCVZYuO5mVkF,3,0,0.3591947
5bcTCxgc7xVfSaMV3RuVke,0,1,0.8264578
2RCQ5nfZGHGlxQkjoWE7Mq,4,0,0.5140148
2iuZJX9X9P0GKaE93xcPjk,3,1,0.8443913
5Ohxk2dO5COHF1krpoPigN,0,1,0.50425065
7l9IqDtVWJurTvkQHq1BGh,0,1,0.6923037
3bHcQsPXda18ri3WAO1xIs,4,0,0.16566484
5z4rXPO6B5SSMVnRfPWb61,3,0,0.090376966
2VSnwBXZLxPJoAHyDRyxrW,1,0,0.44933903
2MxG5l4bd3HgVzEuY5EvMt,1,0,0.26932415
41MlSJxqdr60xsfYocAgRA,1,0,0.14127134
5kqIPrATaCc2LqxVWzQGbk,2,1,0.85040754
2XU0oxnq2qxCpomAAuJY8K,4,1,0.8127499
4YIRHEgi3ABgwGdgJkI1Zk,1,0,0.26318648
63r0zgb1q1a0N5HNKAn3Po,4,0,0.043714758
1kbEbBdEgQdQeLXCJh28pJ,4,1,0.79333645
7xJYA6jhgw4vVEBFyoPGMZ,4,0,0.17643955
7GPq5i4Dn95yDaqxdoeKNW,4,0,0.33712637
07KF1lMPEgIMfcLnqTjks2,2,0,0.1136109
2mlNgAeIBnL78ZriXgrRHz,1,1,0.69105494
4tuD5dWiGkUHd5MGRDUfC9,4,0,0.5099218
4r1p0rILitWmWr7ZYO7B4c,3,0,0.6520916
0HnaqUxvHP5LaWdmWwJpiS,3,1,0.8572188
2Vevs2eAQNNb7NTpKj5kqA,2,0,0.5309304
4HMfSzk0UsiRhulF0eb1M9,4,0,0.52341324
7aXuop4Qambx5Oi3ynsKQr,1,1,0.82114077
5OGZ2Mx4Cs6RCndDRycGBJ,0,1,0.6925323
6F1qzxCuYBuUnKZz1ZOEWc,2,0,0.35580933
1H7KnK26kc1YyellpbINEn,3,1,0.6887618
6UW9S0skvWZ9PUvLti7aZP,3,0,0.41873977
3Vi5XqYrmQgOYBajMWSvCi,0,1,0.8290597
0C8HYnqsmiYxsKUaCBGZlf,0,0,0.7740222
3ms9tJvFtCRqWMagyOnUAt,4,0,0.45353693
50nfwKoDiSYg8zOCREWAm5,0,1,0.69602543
4dVpf9jZjcORqGTLUaeYj9,3,1,0.7603473
7zNFggZPMLBF6rLOz4XoqQ,0,0,0.0760034
5RAXb67yhAe5rw5Q9nSPUg,4,0,0.16108882
5myjSxfvS8pzSMK3jJcfIL,3,0,0.5732801
5NQJnRpJHRaupdegphntQT,1,1,0.8196642
7tr2za8SQg2CI8EDgrdtNl,0,1,0.79404026
1Ex29VjL0Au0nZ6WetjfH9,1,0,0.052459873
0NTMtAO2BV4tnGvw9EgBVq,0,1,0.8519755
7q6UVd7B02FlcLc7d13M3q,3,0,0.30965197
09hVlIVHtEE1nLUv6YGZiW,2,1,0.7651782
119BNEAhAdpxMP2lUqU1t3,2,0,0.057875652
72jbDTw1piOOj770jWNeaG,3,1,0.74540895
5DIBVDJOHh7djepAjKHWCO,1,1,0.68980557
6jjYDGxVJsWS0a5wlVF5vS,0,1,0.8298391
0n4bITAu0Y0nigrz3MFJMb,1,1,0.78451264
0aYt10BH2QvudRK5rbnDnv,3,0,0.1074664
0tUeV3UblB15D5PwMPSrbw,4,0,0.650629
0BNmpxxtfAZKa2im1oaIyC,1,0,0.3544566
0A9mHc7oYUoCECqByV8cQR,0,1,0.4182514
1jAzdHn0n2mODt7ZwW9S8N,3,0,0.29682726
2iUXsYOEPhVqEBwsqP70rE,0,1,0.54636794
2IRZnDFmlqMuOrYOLnZZyc,1,1,0.8198193
4S5r8rve0naIVJETA51Oh5,2,0,0.19994472
0lsRatBUs9HNIZAmoGABzk,1,1,0.7377441
3a9dxgyM2rbFUvmN35qTTj,2,0,0.29491797
1LhMopPAallLeaeNutqbgS,1,1,0.7622325
2j5hsQvApottzvTn4pFJWF,3,1,0.85673076
3p7XQpdt8Dr6oMXSvRZ9bg,0,1,0.8560841
7uo4haz4VHCmrjBO0sZXUq,1,0,0.18384802
3jjujdWJ72nww5eGnfs2E7,0,1,0.767829
1NRrlwFxkrEr2ZnwXJAXWe,2,0,0.11311631
0CwiF8zPjl7ESC6nDnBvPo,4,0,0.10572422
2FY7b99s15jUprqC0M5NCT,3,1,0.7482139
4lhqb6JvbHId48OUJGwymk,2,1,0.770743
6yARPLK0PV4heEyh7pVMGz,1,1,0.7647178
1S1SmyaFUHdAVAl16eZlgj,4,0,0.3150493
4lIxdJw6W3Fg4vUIYCB0S5,4,1,0.8118617
0QHEIqNKsMoOY5urbzN48u,0,1,0.7647993
0DWdj2oZMBFSzRsi2Cvfzf,3,1,0.706991
0o6V0Ij0wf7nZiTxPTiWgQ,1,0,0.16142502
7sHGrG2Xo1UQ4mSLZLpyY2,3,0,0.27694705
20R4HfKloPKgXDqU7UKk3x,4,1,0.73885405
1wWZLW9uN2gLHkpx5MlfHV,0,0,0.051773425
6s9m5J92By7jii22Q2XtY2,3,1,0.6927976
6CjtS2JZH9RkDz5UVInsa9,3,1,0.8434965
2vwlzO0Qp8kfEtzTsCXfyE,2,1,0.69877684
3QGsuHI8jO1Rx4JWLUh9jd,1,1,0.62903637
5pfJsMwoRYKampPay8amX0,3,1,0.83757514
6t2eIONH4Sax3R21QWiKNp,4,1,0.8388026
5f1joOtoMeyppIcJGZQvqJ,2,1,0.8098977
0moqpuDhgttCjbCW9eYtNq,1,0,0.11428751
0Rm85lKJ6ekRvWTF3msFXz,3,0,0.3300971
5b2bu6yyATC1zMXDGScJ2d,4,1,0.7367236
67awxiNHNyjMXhVgsHuIrs,0,1,0.7021781
1rkfJLgTlB6XYNjgZ0sVaK,3,1,0.7556319
5uCax9HTNlzGybIStD3vDh,0,1,0.76059306
4E0v7I2QmiTFDIDJuP5AeZ,0,0,0.19523992
77e1d8pVDGq0z9Vl6NGPwS,3,0,0.30327782
3DmW6y7wTEYHJZlLo1r6XJ,4,1,0.7485753
7hHeAw2ll9ZuWlg34XhMis,1,0,0.07667187
3Yli7uWdYoxhtC8lsQEKC3,3,0,0.060816325
5enxwA8aAbwZbf5qCHORXi,4,1,0.6581322
7ANJBj2j4axvayuxdnKqoS,3,0,0.19906652
3rUGC1vUpkDG9CZFHMur1t,0,1,0.71750575
4umIPjkehX1r7uhmGvXiSV,4,1,0.8476264
1JCCdiru7fhstOIF4N7WJC,0,1,0.701156
2Rk4JlNc2TPmZe2af99d45,4,1,0.6946911
1sL0UTiQcgcoaYgRlkR3Y6,1,0,0.06872203
7zsXy7vlHdItvUSH8EwQss,4,1,0.74224705
6MVsglpCXFeS8sY2aGU8DN,3,0,0.24011204
20DfkHC5grnKNJCzZQB6KC,1,1,0.82131076
2IGMVunIBsBLtEQyoI1Mu7,0,1,0.78652406
1BxfuPKGuaTgP7aM0Bbdwr,4,1,0.70824045
7pzMu8Y4MfwSgbuqJGcCw2,3,0,0.05801168
1jaTQ3nqY3oAAYyCTbIvnM,1,1,0.7877754
7yNX3ZFBWZoR52pbeU4Mcl,2,1,0.8149849
65y9gkCzkq6XEzqzrI221z,0,0,0.47179073
0qvKgNrG1NGD2gfmWPlY6a,1,0,0.14489575
5vUnjhBzRJJIAOJPde6zDx,4,1,0.6515983
0oJcIWQvejgUi79vtH8x80,3,0,0.55409133
7kDUspsoYfLkWnZR7qwHZl,4,1,0.58255696
7BKx7RIo6NKZOTZw7ht8tT,3,0,0.042664044
5amnF5J2joZnGLJnyuyLkm,2,0,0.19796318
7gZXCjAy6nxKCQWLEeX4LZ,2,1,0.6621238
09mHLXMh3rmruStxevfh3U,3,0,0.3110684
2f4K9nhN2RaRsMGaXTO3zt,2,0,0.2570197
1i1fxkWeaMmKEB4T7zqbzK,3,1,0.5143011
6XHVuErjQ4XNm6nDPVCxVX,3,1,0.8332352
4kte3OcW800TPvOVgrLLj8,4,1,0.6391153
2UIUM6WSATp3fK2rgBwB6J,2,0,0.10823463
7DnAm9FOTWE3cUvso43HhI,1,1,0.77709395
7cRggVoZ18mmvIN2EcSQ3J,2,0,0.6382043
4iJyoBOLtHqaGxP12qzhQI,4,1,0.81807536
6fDlK6P4s3BVMls9EmfCWI,2,1,0.74917215
5yhKaacMZGRo4s6evJx9vk,2,1,0.8067598
1brnLTvarI9D1hLP6z2Ar8,0,1,0.7456502
13P5rwmk2EsoFRIz9UCeh9,1,1,0.8154619
2DQ1ITjI0YoLFzuADN1ZBW,2,1,0.7615372
3LEiqJm0Q2iwUNZ8t5PDqe,3,0,0.35225767
78pn8k7RogKo2oxl0DyX6d,1,0,0.44931093
0J1YRLYhTG1MBosjidD7OI,4,1,0.77757215
1at2p0RehzTXaFZFhlWXua,2,0,0.06825246
5G47DlluL671zo0k3OhoSm,3,1,0.87282443
2sLwPnIP3CUVmIuHranJZU,4,1,0.76301056
5ggWRMAGb5XhVN0bbCQBZ6,1,0,0.058576666
0zMzyHAeMvwq5CRstru1Fp,2,1,0.51508015
21bRzGDnsSLUjnVV07LSCA,2,0,0.20918788
24aWQFM1p8zbVcbDt93OIp,0,0,0.25135326
3CjVigooVCgh0kam8sHYkN,4,0,0.16067727
2Uak7X78uNFUuEsA22GLT6,2,0,0.04248548
02VBYrHfVwfEWXk5DXyf0T,4,1,0.56397754
7ju97lgwC2rKQ6wwsf9no9,0,1,0.6020855
7xUv1Igrk1WG79VfD0xsXS,4,0,0.7367523
7FC9Lng8iXU081lbigu8m8,4,1,0.60433733
1vYXt7VSjH9JIM5oRRo7vA,4,1,0.7104463
7p2UuZUwgke4lSW9B9mgwG,0,0,0.24114409
0tEKvFDyMqytiKeyVCdyHf,2,0,0.53326285
7gFqTzz5tl3xKn3GmfH4Md,0,0,0.12459135
2vlDrKpOC0eSTqTDRcbYyw,0,1,0.5827977
1zB4vmk8tFRmM9UULNzbLB,3,1,0.4745275
7rrWWr43Qc5aXED95aNfxq,1,0,0.3759206
3Kkjo3cT83cw09VJyrLNwX,2,1,0.7852148
7gpy7sfWPNuOKmUNs3XQYE,0,1,0.52234757
29kQS8jVf08MEp6vFCF8Ot,0,0,0.3904086
1b5mYf9KGaSwNpIeFeY1FP,2,0,0.12477323
3iYEsBl8NBq1o1j5uY2Noe,0,1,0.4049585
1bzM1cd6oqFozdr4wK6HdR,3,1,0.7969597
7xcUWyLh6fIMsYjoVI7NnZ,1,0,0.08457894
1K39ty6o1sHwwlZwO6a7wK,4,1,0.7153751
4tCtwWceOPWzenK2HAIJSb,0,1,0.8635241
2WnAKZefdRHxtBEkRjFOHC,4,1,0.7793883
3UyszddHSXiGMz3zVLOLRN,2,0,0.46647045
0PJIbOdMs3bd5AT8liULMQ,1,1,0.71396035
3nbdFDFM4Qq9CCrpSmKFEl,4,0,0.7032334
2OzhQlSqBEmt7hmkYxfT6m,4,1,0.75718844
2ssK82MQkZY7qJvQeJc1Eg,4,0,0.5560595
6iMlgxnCWO9On1xaVH9NEL,2,0,0.12608378
7jb91qnNv2R1XdrICW4A0y,3,0,0.25236687
7EQGXaVSyEDsCWKmUcfpLk,1,1,0.8205694
5AnCLGg35ziFOloEnXK4uu,2,1,0.7331334
1jF7IL57ayN4Ity3jQqGu0,3,1,0.7314649
1z9kQ14XBSN0r2v6fx4IdG,0,1,0.77576107
0SyCiolhBfPZNivoisaqGY,4,0,0.34965804
3f74yUzjdr1P2xyAsBxPHf,1,0,0.12093644
14OxJlLdcHNpgsm4DRwDOB,1,1,0.838715
6St3D4YAUdJmLpXx79TaMk,3,0,0.113096304
0EYvgaUy9DrBh293VywDew,4,0,0.102744795
6U2tdXbNc2MLcgSTvDrb5L,4,0,0.1365592
20BOju91NaEFK5Py4VJ2pp,1,1,0.69397163
0i5el041vd6nxrGEU8QRxy,0,1,0.58030015
2wujUp0aQsgQsXaDYXbQsf,3,0,0.41379598
7uui6vJjtVTyFBvsAhcXOU,3,0,0.26135716
0wHFktze2PHC5jDt3B17DC,1,1,0.82130814
04DCCbYhogCn0M5mdTgbhd,0,0,0.07637776
0RxtndMsfgaTzHuM5C3BBg,2,0,0.22834907
6KmrCHbuNOsdoeDOpwetr7,3,0,0.48559067
4pAl7FkDMNBsjykPXo91B3,0,1,0.8148224
0wXThIDxO3YRJCpPgnmbkw,4,1,0.5845132
0SGkqnVQo9KPytSri1H6cF,3,1,0.8707421
4NPJJpgmAb29HXKgzU396B,3,0,0.055056915
3cHyrEgdyYRjgJKSOiOtcS,0,1,0.7269311
5oO3drDxtziYU2H1X23ZIp,0,1,0.7118638
7FpBQ067pHB67deawpbbcY,0,1,0.72717035
1a73gcEg6h6Re6hHXoVltJ,3,1,0.7890044
60n0qy7AhVhoBJoH6IY62b,0,0,0.31713125
7gpy7sfWPNuOKmUNs3XQYE,2,0,0.52234757
0l1KmytAjlHMSni4mjSFFz,2,0,0.13471591
2FdlazENi4Cz960NQP8vQF,1,0,0.06279288
0vbtURX4qv1l7besfwmnD8,0,1,0.7572127
4ZzbcSm6MxnC15BcDqEYyK,3,0,0.25155807
7a53HqqArd4b9NF4XAmlbI,1,1,0.5870491
0wI7QkCcs8FUQE1OkXUIqd,0,1,0.85417616
4cCGGuqCQMeNsa7DQPrx2H,2,0,0.19162682
3VjxkoKZ4UvDrkLjw9hkyp,3,0,0.30282652
2JzZzZUQj3Qff7wapcbKjc,0,1,0.8522385
5CCr8msaN3MhgqBoa9yWhH,3,1,0.70580286
0lx2cLdOt3piJbcaXIV74f,4,1,0.75147974
56baab14qPpWQDgJAz8Yql,0,0,0.16416886
4h9wh7iOZ0GGn8QVp4RAOB,2,1,0.7631666
0oCNRAmwLo4zHDpCKpjQtI,2,0,0.10821008
1BTj47Up5m8601KOFrTvkj,4,0,0.66037554
2bJvI42r8EF3wxjOuDav4r,1,1,0.79416835
6b8Be6ljOzmkOmFslEb23P,2,1,0.8570794
2tJvfpgftWLqbn3lUwnc7v,2,0,0.34287828
52okn5MNA47tk87PeZJLEL,0,1,0.80351436
09CtPGIpYB4BrO8qb1RGsF,4,1,0.7795701
0FZ4Dmg8jJJAPJnvBIzD9z,1,1,0.8720304
3NLnwwAQbbFKcEcV8hDItk,2,1,0.8032175
7qvxFz3JodM0A7xEM7k3YD,1,1,0.7796321
7g1KHFtfJF1Xhp3QNIoEfH,0,0,0.34395036
1hRjSRDp3yJUnOOPHSphps,1,0,0.3976423
2yS9BlRbvQ17F0Vp92kvcj,2,0,0.46341667
040I32EKLxQrkuxQu1pqvT,0,1,0.7359058
7LdeARrgXe9xRNlT9JCd6i,2,0,0.11189213
2Nfl9Z37KVuVtao3utRNjc,0,0,0.10336247
65ACnVMmePTp8Xdk11jP2y,4,0,0.67511326
2YlZnw2ikdb837oKMKjBkW,0,1,0.7701397
1WThEmIxSyaqG6fVsyCmcL,2,0,0.19673781
71BGZTni94TaPoMjPgDHKj,2,0,0.10378681
7vRriwrloYVaoAe3a9wJHe,3,1,0.6740798
09ZzQ0L2JGm1PHMCcUL9es,2,0,0.09570203
05g8odKZNtmjsf37iVe26n,1,0,0.16089213
2TR7A4ulH9R1PNwMyd8o8U,0,1,0.69988936
6Sn7PcMw0AxV5pB5epgbaX,4,0,0.06872743
0XrA3wDvlZEWUuIKK7WRqd,2,0,0.60108656
42UaTVeWaNaME7ttu61ykG,3,0,0.22677329
6AvfZXpbb6r35DfF7gHPRq,3,1,0.81908303
7iMoHcQI7dE0l8XfejXAdX,1,0,0.060198583
1NpW5kyvO4XrNJ3rnfcNy3,2,1,0.7841346
0SqUFLaRXwufRUsJ0t4dXB,3,1,0.8624598
1IMDvlrTNMRgAV4lY33Q5v,1,0,0.25826144
3wx2kQWPn9p5UppQbNhPAk,0,1,0.58071405
2TREpB5pOlxXpzbREZn1LN,0,0,0.18097937
4SSnFejRGlZikf02HLewEF,4,1,0.7966285
0a74XCJcWX9mFvLUMdmjNV,0,0,0.113375045
3fNaQSMgFrYTkTshRX7J1u,0,1,0.83068436
6QFCMUUq1T2Vf5sFUXcuQ7,4,1,0.82862496
1nueTG77MzNkJTKQ0ZdGzT,3,1,0.8698551
01uqI4H13Gsd8Lyl1EYd8H,3,1,0.75920177
22VHOlVYBqytsrAqV8yXBK,1,1,0.7655897
59CfNbkERJ3NoTXDvoURjj,2,1,0.60020125
5L8C1PZGCpZf8STcN79H5j,3,0,0.20355687
0CiRnuzUmOlm2rPxRTD2nY,1,0,0.1964479
5Eg4TsPcqNbIjd8ADMZosg,1,1,0.7507555
7auPqljdHNJQdfGmoIJv8T,1,0,0.08367305
4RVwu0g32PAqgUiJoXsdF8,4,1,0.5172321
1BnnIIWBEzKEeri6z0Rlen,2,0,0.16314948
5z3pmQEfKB9AwN9aFn4PQn,2,0,0.16383648
1EJIcDYXwSqipW5dFe4uJz,1,1,0.6086059
7JE9Sz07lBFG2j020vnx7C,0,0,0.10493163
6TDZDeTpzDl4v4cbqECsmQ,4,0,0.09711736
39Yp9wwQiSRIDOvrVg7mbk,2,1,0.5738688
77lGafvlU68CeHgB2pkHC9,4,0,0.21750113
2TAVBD7uYxrkp5Ca3nCyan,3,0,0.5673343
0W6I02J9xcqK8MtSeosEXb,0,1,0.7322772
08wUcJKJ4TvbPOYwfzavt3,2,0,0.4634631
3RiPr603aXAoi4GHyXx0uy,3,1,0.61094844
1ZIKpMTRPqhwAoVXWY3tXI,0,1,0.68067455
01vv2AjxgP4uUyb8waYO5Y,3,0,0.7084723
4ExfBQfuuU0v07p428cmLD,1,0,0.060616396
05K6g4II3MhrAdX2oOl72y,4,0,0.09058063
5lNuqFVMca4vPupY10cH0J,2,1,0.85955757
5wsqsHO57y8iWki0KErnIu,4,0,0.078694604
1rq48Sf5rX0NHj85aXUNEb,3,0,0.14900286
0Ooyozkp0kmElMwAzFFZLR,4,0,0.33706614
3Dv1eDb0MEgF93GpLXlucZ,0,1,0.85045564
1gugDOSMREb34Xo0c1PlxM,0,1,0.36901718
6tiKwZppNjrls8RsPQwK6r,1,1,0.8487712
2FQrifJ1N335Ljm3TjTVVf,0,1,0.7441255
4k80K0b6KZ2QjAYkXON7q6,3,1,0.62315094
0K2rV3vi4Kcn0a60XkiFkK,1,0,0.14940426
4wkQmYpAaMe41Rc3sYZ7Vz,0,1,0.7337858
1Ib5tLTFz8teJPcxZycpj3,2,0,0.09038113
7seTcUFOhn5caSDbiSfsp0,4,1,0.76999617
7a86XRg84qjasly9f6bPSD,0,1,0.7045035
1pVVCHc8awfVbVmAlfpjRL,2,0,0.66809875
60bwbplTn6F5WGlDbFizH4,4,0,0.24540263
7a5WVvAqdpvoZ0DZmw9LgW,1,0,0.45919
4BY8C5eGptvIsmVakAD5kw,4,0,0.073995404
2GyA33q5rti5IxkMQemRDH,2,1,0.8008227
7hiBhOh4s8G0xmGYBAjyuw,4,0,0.41528782
2KtGiBi5CrX2ERPD2PAS34,0,1,0.6176716
1HXy5I3HTWq8OvxCn0z7G7,4,1,0.8063436
69uxyAqqPIsUyTO8txoP2M,3,1,0.48807493
5kNe7PE09d6Kvw5pAsx23n,1,1,0.6856662
2diG4h1sYNUIsFuOrdI9Dz,3,0,0.7003835
7GKa1bqDrR3X86WJbPhdjI,2,0,0.08389416
41NNPqgD7ZLIMfHLSZHF4A,4,0,0.21182476
0FHIq5cBB5ef1G15erWB4w,4,0,0.078540616
2KqJC0koTBUyDlsMt5ok1V,1,1,0.7207811
6ehSzG0xtmu08y44FK3c3w,3,0,0.25838703
4nK5YrxbMGZstTLbvj6Gxw,0,1,0.8350173
0qXB712p0kz9oBUnyYFlr9,3,0,0.43450072
4R0wmsPPh4ykxTidxkh8wZ,3,0,0.18657526
7nERlpaH7QghaO7jC60Xtu,3,0,0.3104766
4bIm4FMRH7wDXsOEHHEBz2,4,0,0.19829623
1WoOzgvz6CgH4pX6a1RKGp,2,1,0.80972844
3rHKQceCHKNPfkyDLQUtLB,3,0,0.14865969
0owLVkfqH7az9VpCeYnTLC,0,0,0.30003208
3f6GtDW4mmQGyR1evmZgoH,4,0,0.18243164
0MA2KPJSwDlyuZsn9AObCe,4,0,0.14904314
4mbVBOnlDb9pNl997oyyXR,2,0,0.07559287
0336UwEBwBBao8uWCuugYr,0,0,0.27818206
7AbMI7lGeKQDEnIDpmSvHn,0,0,0.2913835
4L9Ds4mpD3SuYoWwFUlv16,0,1,0.5412839
7l0u38sWDqqk6TySNOZtO3,0,0,0.23708259
2ZDVBd7dVE7LUkzRJ4Z33k,4,0,0.3360944
7HLkxwqysaWLC0hOAGkboA,2,0,0.067483634
7xDd7gl6AGgpiOz5trz4dM,3,0,0.6009311
5zUQZjVB6bfewBXWqsP9PY,0,1,0.62452084
46IZ0fSY2mpAiktS3KOqds,2,1,0.7113743
3ut6ZIaZrFaZOHbpO5ptDA,3,0,0.08807726
2kJwzbxV2ppxnQoYw4GLBZ,1,1,0.7594572
0BSAoLiwvKwwwu4V2F1LU5,1,0,0.56701857
0gqysuo5JAFi4J1chidYzK,2,0,0.33983088
2lMnOVKVY39zI8Op6KukTg,2,0,0.06841482
4krZBMENG6coQYEaZkVvHP,1,0,0.6348308
3TGRqZ0a2l1LRblBkJoaDx,2,1,0.7678046
6wmAHw1szh5RCKSRjiXhPe,0,1,0.84648985
3EWHYQR0hpbW4Uns2wXn2M,2,0,0.112856045
4VUwkH455At9kENOfzTqmF,1,1,0.65360874
3ZCTVFBt2Brf31RLEnCkWJ,4,1,0.5470623
6RNzAJwQ0v61Z0emjsrJu0,1,0,0.065524176
17phhZDn6oGtzMe56NuWvj,1,1,0.73353875
4au7FRcgZzChASRYu279xH,4,1,0.6956139
39UYMljdF8EHcry9izkB0h,1,0,0.6192296
7rPLYmabWMobWhoIqZe6rh,4,1,0.78400093
1sFqfjMzxrwyvhL8785yUL,1,0,0.19785832
4NYwy0R3NdvORX2B6OZXBT,2,1,0.71725166
1I93YiKgu2P5pwprWmziPI,2,0,0.48859993
4OFDoLXwsOTG3XpQIwm31n,3,0,0.5202563
017PF4Q3l4DBUiWoXk4OWT,4,1,0.7942038
3sITSLYWVirVIeYQi6BGnR,4,0,0.39937925
1No2CqopteR18XVL4RJHNO,4,0,0.5065939
4jbmgIyjGoXjY01XxatOx6,1,1,0.81006527
29gsi1zZrZxdStACmTQB0Z,2,1,0.6767946
0hquQWY3xvYqN4qtiquniF,0,1,0.7821613
5gLAzsggXSYANkyhByrPhj,1,0,0.21317628
5KONnBIQ9LqCxyeSPin26k,4,1,0.7769244
60nZcImufyMA1MKQY3dcCH,0,1,0.782558
3Klyjz0u1mHmE8n1x0PA6N,3,0,0.15070704
5odlY52u43F5BjByhxg7wg,3,1,0.4819169
2uvCz2eDTuFbtqfOThHNVZ,0,0,0.17387305
10xuH52YSXHWFwCaF1fsDd,0,1,0.7409553
5sO3dlWR9R6ZsBful1axop,0,0,0.17128919
3k3NWokhRRkEPhCzPmV8TW,0,1,0.6488886
0rFZaQ4crlGAzuCjWCQ2xu,3,1,0.77571875
1kAqJ6mrYgpG2DTybn2RG4,3,0,0.122060314
4wFUdSCer8bdQsrp1M90sa,2,1,0.68015814
100fEZFV7ONBO7DwB4xTqa,1,0,0.06919482
6SpVp6ttad3XJOsjKBZwaq,1,0,0.42124784
0s4vH44Dc6VwPdmW2k6YXR,1,0,0.25523287
5TqBAOIBe0bQA0spNdcG3k,1,1,0.84330267
0bHA8LApeZHv7ZlhVUWg8X,0,0,0.36508292
2Auzo2tKwP2fIQPKBZ11s0,1,0,0.11205776
22oEJW6r2rMb9z4IntfyEa,4,1,0.540466
1j8z4TTjJ1YOdoFEDwJTQa,0,1,0.64277446
3j6CeoBBlm40Msn1JE1SPD,1,1,0.7910035
7nUflbCfoSFYiBOGH5D81R,2,0,0.61113423
2foGtJpz3PDELLCWu2gCe3,3,0,0.50358605
6XFKj43f1HnKnfKmuPtBfG,3,0,0.59536076
0JzsS9y8MA3rtDwyyYbFr7,3,0,0.4389475
65VKOL7hGP4CRV6TdWjtLT,1,0,0.11549887
4B0JvthVoAAuygILe3n4Bs,4,1,0.81291056
6xyJHp3nAJGOc2Xy7ACsg1,2,0,0.6633731
5tckzAI9BAU2GK5iYHPpjz,3,0,0.08775644
2Gyc6e2cLxA5hoX1NOvYnU,0,1,0.59054315
5KodOrv9iFso1iYp82eVhF,0,0,0.0940903
6vNfvtQwB8eGn3DnSXyk9N,2,0,0.18699922
5NxOosmXq5McWniefCbprW,1,0,0.40030923
56sxN1yKg1dgOZXBcAHkJG,1,1,0.838095
273dCMFseLcVsoSWx59IoE,4,1,0.7956974
7BKLCZ1jbUBVqRi2FVlTVw,3,1,0.8332598
2sATwoh0uEuNziKfgqjrjL,3,0,0.13943698
0BMTvBsRQfJLNfW0GYPZ1B,4,0,0.10445467
6gTJaPuj8DT8RjuDJyBgzP,0,1,0.8472377
4z7gh3aIZV9arbL9jJSc5J,3,1,0.7503085
4roDTLs05yU9RpSBqwfKQ3,3,0,0.30255917
3V6ktv9W5fdOCmmEnYYZaH,3,0,0.45674402
4q0OK0HRaLd2Wzz23GeApJ,0,0,0.09950089
7edN1zsBhEfrO2OJhhIPw4,4,0,0.18929166
2lEeh87BISbHK5XjsMlCiq,3,0,0.3758304
1Slwb6dOYkBlWal1PGtnNg,0,1,0.8308634
0NXdEilH0yJc3HOODuMIEL,1,0,0.06486845
3yII7UwgLF6K5zW3xad3MP,4,1,0.7570483
4tYFy8ALRjIZvnvSLw5lxN,2,1,0.80946577
488HG8lR11JswT2YgcWGRB,1,0,0.37856874
6sZQyx63X4cUvXV7Uw1YBw,1,0,0.17872661
3c8QXE2NQBVrtMSTXAofor,1,0,0.072481476
5gcHwKLoaEmZqaj5p8y6W2,1,0,0.17954342
6oeLRk6L06XqWiP2830u90,4,0,0.066365644
1vPMo827Rf7HQbS49ncYxy,0,0,0.28475446
2GjMaJ7DacMIkgoe8oMXGg,1,1,0.66159964
5pyVqlqThcxI7tPDjHIzPh,1,1,0.77879936
3PfIrDoz19wz7qK7tYeu62,4,1,0.82061917
3leU60CmDPdaQr6AAzZfaf,4,0,0.050381165
2tpWsVSb9UEmDRxAl1zhX1,2,1,0.7940588
2UMeGWmUri9RVpmckPV9Jt,0,0,0.15391475
0VeY09ocN1OPvmvKrRd5q3,3,0,0.44848773
6Ozt2lFtENwNEkdTygR6k7,3,0,0.11915975
2Kh9rsAMKERCnPa9nRMxKv,2,0,0.5745129
7bBvrOOwK8xLCziAyTD7Mo,1,0,0.12622808
0t7fVeEJxO2Xi4H2K5Svc9,2,1,0.82348156
1uTMc2fWzwpGjH498FMrQT,4,0,0.09089949
2GxrNKugF82CnoRFbQfzPf,2,1,0.59361607
0PDUDa38GO8lMxLCRc4lL1,0,1,0.7272962
6j9iyrrmqWlQZ5SD1hSTaq,0,1,0.7971112
2tDo8TqJfrQGwtUHxRXP7A,2,0,0.381616
4DSmjbIBldQ2oeq178I5Du,1,0,0.16987465
4FdPnT2cFrpWCmWZd7GXc3,4,1,0.64514506
6KBYefIoo7KydImq1uUQlL,4,1,0.82022136
4wFjTWCunQFKtukqrNijEt,4,1,0.79272467
7GgWAITsYJaRM3r50rfh5w,2,1,0.50165755
4X5f3vT8MRuXF68pfjNte5,0,1,0.8556748
4cluDES4hQEUhmXj6TXkSo,2,1,0.73158437
0q75NwOoFiARAVp4EXU4Bs,0,1,0.85182375
5A6BJLZArq1MPjsnmcuk5f,4,1,0.80201083
5QDLhrAOJJdNAmCTJ8xMyW,0,1,0.7878268
4ADNavlMOA9rx9hKw51PCW,4,0,0.2755398
645og273nQFbY3Tmc1twSR,4,0,0.06916737
0Dc7J9VPV4eOInoxUiZrsL,1,1,0.8920106
18vFT7KICrGAJB0BiK0HPn,1,0,0.11172555
1Ip2m42GTwiaG20hW7dtuZ,0,0,0.46073917
2V65y3PX4DkRhy1djlxd9p,3,1,0.83563524
3j1xkzTW8owIphkWV51V9s,4,1,0.6294904
2tHwzyyOLoWSFqYNjeVMzj,1,1,0.7466558
4detZaj6qfObdW7h9cHnFz,1,0,0.068466246
3BFXgZr628FqwDP3pQCgvk,3,0,0.12914297
5BrTUo0xP1wKXLJWUaGFtk,3,1,0.8463908
1LoriJC05IrHIDwj3q0KC1,4,1,0.8068843
4LfkoDOt4mhrbo8Ndk37sQ,0,1,0.8013801
0XdGQteo5INHpsDoncsDDq,0,0,0.54135615
0DiDStADDVh3SvAsoJAFMk,3,1,0.86576235
35mbcaHv0tGU3LksXeLMKM,3,0,0.39535257
7JJmb5XwzOO8jgpou264Ml,1,1,0.799551
5qxPabNDnJQ551Tf4v6k3j,4,1,0.7138962
6BtmXhTJMM9sBTHeYYASGz,3,1,0.80786794
23pL9muwrxg6ZZTp0oErBL,2,0,0.51282144
3qV6M1cI4McX7xSLzLQa3H,0,0,0.088621676
6vt0I1cw1YmAIKDJvHVIM5,1,1,0.81671786
3NVO7DaMPP3RZEi8ilyvW5,2,0,0.31113353
2Zo1PcszsT9WQ0ANntJbID,1,1,0.8152326
5DytoQiHZs79ksP2Re1RmZ,2,0,0.07184244
3xkHsmpQCBMytMJNiDf3Ii,0,1,0.70909524
6SwRhMLwNqEi6alNPVG00n,0,1,0.6892139
6Vpxd1nbOBGlXPDkQX640E,4,0,0.11598245
6RtPijgfPKROxEzTHNRiDp,0,1,0.8578759
7cSgDrUh6ZAv25JgOPlyOB,0,0,0.27170667
4XkmtOHgvRbINOOctmsX3M,0,0,0.34687138
7AZfvK2OPF21vBJDmTdn8p,2,0,0.07837131
09qyIW5B7MuNUxQnDIZfVG,1,0,0.32646737
7AaF6tFXgW779oBVBsyjw2,1,0,0.13035274
1CDBn2Lm7E63XKQDsdCq6O,1,1,0.82244384
6uBhi9gBXWjanegOb2Phh0,1,1,0.8373682
5z0Wa1EiCoaUafx83WszRY,0,0,0.72915846
6D8y7Bck8h11byRY88Pt2z,4,1,0.70187336
2SWqkpJmHPnLFaEf4HW7xr,2,0,0.3543684
0jdny0dhgjUwoIp5GkqEaA,1,1,0.6553504
3N18UD3tL8TPKsiUWN9YRR,1,0,0.258686
0QBzMgT7NIeoCYy3sJCof1,1,1,0.83471036
7cccb7pKQqOP9JntsWokzA,2,0,0.23846291
7gwLQ4tZ5UdZ7qNcDyJ8wr,3,1,0.83140725
3yOlyBJuViE2YSGn3nVE1K,1,1,0.76876855
2s1sdSqGcKxpPr5lCl7jAV,3,1,0.7390029
6BcJ2cGaF5tm99srYCOjfX,1,0,0.392742
33aow0AcXYvT1FoWNzMcqN,0,1,0.7056819
0n26pelcG2JrPeIhuA7YNh,2,0,0.12209119
4Dvkj6JhhA12EX05fT7y2e,0,1,0.6716463
5os4iDInR4chqaCdXi895k,2,0,0.12910216
6fLl1Lyamq6gZtJy6P6p4p,2,0,0.09072268
5IyRSZy0R7UdweNISjf5qS,0,0,0.07569424
4e4fqjx0Izh4svvTef1z7e,3,1,0.6526027
0mW58kig39aueBh99f6yGz,4,0,0.062323876
3KwwE4sgCzMaKWq6QBebmX,0,1,0.8067193
3TlvxWnRN53CjcDmGKCEkH,4,0,0.35134864
55h7vJchibLdUkxdlX3fK7,2,1,0.79359657
72TFWvU3wUYdUuxejTTIzt,0,1,0.89140207
6VjruEUTeIg64bWT5vcVa1,0,0,0.1047061
6NFyWDv5CjfwuzoCkw47Xf,4,1,0.72373587
7m9yPkhvTfTlYEf0whUrNb,2,0,0.14012134
6Uj1ctrBOjOas8xZXGqKk4,0,1,0.7898574
55n9yjI6qqXh5F2mYvUc2y,1,1,0.7888607
52PiyZoav11ZSAoHPqSlzh,2,0,0.6148393
3G6hD9B2ZHOsgf4WfNu7X1,0,1,0.81532687
3vlu7Y9U9HXxqSmQecmKhZ,0,0,0.5817636
4M7aciOBSbGnh1bN3YbuS0,3,1,0.76476806
3QdIqc6wkjB9yi5rSZCIZt,3,0,0.0625983
0EoJCSeuAq9Ilw2AesTBUu,0,0,0.19123732
5jE48hhRu8E6zBDPRSkEq7,0,1,0.84240377
1iyXU0LHY9Irw7oohGf7hb,1,0,0.1457212
6BiHk2V58JF1kFC9Tmd8A8,0,0,0.31450802
1kWAhf2TJPkpiSgTnp8Ure,0,0,0.27703476
2Fxmhks0bxGSBdJ92vM42m,4,1,0.68457276
29ENMAdmNy0byJdF21AhGa,1,0,0.0961831
6qJpNazUWvk1AIJgUcEc78,3,0,0.0452392
1dE8Mq801cWJcCS23zPZWY,0,0,0.69139826
4hQ6UGyWQIGJmHSo0J88JW,4,1,0.7921246
4BhKsrfLowNbN7F3JVhI8i,1,0,0.5790817
6TwfdLbaxTKzQi3AgsZNzx,3,1,0.732117
3NJG6vMH1ZsectZkocMEm0,1,1,0.63513106
5sjzuV5VngL4KmhYCf8ic3,3,0,0.09633301
66cHMCKOLn2fyAjGjFBAmZ,1,0,0.42172563
4aHbJ31mNdQ00X3VVT48YT,2,0,0.20409282
0mWKj5e39wq9aXDvK52Bhh,4,0,0.060254157
4YSDzX9bIQDwkBqFfYL9wI,4,0,0.3534219
