,billboard_year,rank,name,artist,featuring,target
0,2012,1,Somebody That I Used to Know,Gotye,Kimbra,1
1,2012,2,Call Me Maybe,Carly Rae Jepsen,,1
2,2012,3,We Are Young,Fun,Janelle Monáe,1
3,2012,4,Payphone,Maroon 5,Wiz Khalifa,1
4,2012,5,Lights,Ellie Goulding,,1
5,2012,6,Glad You Came,The Wanted,,1
6,2012,7,Stronger (What Doesn't Kill You),Kelly Clarkson,,1
7,2012,8,We Found Love,Rihanna,Calvin Harris,1
8,2012,9,Starships,Nicki Minaj,,1
9,2012,10,What Makes You Beautiful,One Direction,,1
10,2012,11,Wild Ones,Flo Rida,Sia,1
11,2012,12,Set Fire to the Rain,Adele,,1
12,2012,13,Sexy and I Know It,LMFAO,,1
13,2012,14,Some Nights,Fun,,1
14,2012,15,Wide Awake,Katy Perry,,1
15,2012,16,Good Feeling,Flo Rida,,1
16,2012,17,Whistle,Flo Rida,,1
17,2012,18,One More Night,Maroon 5,,1
18,2012,19,Drive By,Train,,1
19,2012,20,The Motto,Drake,Lil Wayne,1
20,2012,21,Where Have You Been,Rihanna,,1
21,2012,22,Everybody Talks,Neon Trees,,1
22,2012,23,Take Care,Drake,Rihanna,1
23,2012,24,Titanium,David Guetta,Sia,1
24,2012,25,I Won't Give Up,Jason Mraz,,1
25,2012,26,It Will Rain,Bruno Mars,,1
26,2012,27,Mercy,Kanye West,,1
27,2012,28,Boyfriend,Justin Bieber,,1
28,2012,29,Party Rock Anthem,LMFAO,Lauren Bennett,1
29,2012,30,Too Close,Alex Clare,,1
30,2012,31,Part of Me,Katy Perry,,1
31,2012,32,"Young, Wild & Free",Snoop Dogg,Wiz Khalifa,1
32,2012,33,We Are Never Ever Getting Back Together,Taylor Swift,,1
33,2012,34,As Long as You Love Me,Justin Bieber,Big Sean,1
34,2012,35,Turn Me On,David Guetta,Nicki Minaj,1
35,2012,36,Moves like Jagger,Maroon 5,Christina Aguilera,1
36,2012,37,Blow Me (One Last Kiss),Pink,,1
37,2012,38,Good Time,Owl City,,1
38,2012,39,Give Your Heart a Break,Demi Lovato,,1
39,2012,40,Niggas in Paris,Jay-Z,,1
40,2012,41,The One That Got Away,Katy Perry,,1
41,2012,42,Feel So Close,Calvin Harris,,1
42,2012,43,Someone like You,Adele,,1
43,2012,44,Scream,Usher,,1
44,2012,45,Rack City,Tyga,,1
45,2012,46,Domino,Jessie J,,1
46,2012,47,Gangnam Style,Psy,,1
47,2012,48,International Love,Pitbull,Chris Brown,1
48,2012,49,Home,Phillip Phillips,,1
49,2012,50,Without You,David Guetta,Usher,1
50,2012,51,Ass Back Home,Gym Class Heroes,Neon Hitch,1
51,2012,52,Wanted,Hunter Hayes,,1
52,2012,53,Drunk on You,Luke Bryan,,1
53,2012,54,No Lie,2 Chainz,Drake,1
54,2012,55,Want U Back,Cher Lloyd,,1
55,2012,56,Don't Wake Me Up,Chris Brown,,1
56,2012,57,Dance (A$$),Big Sean,Nicki Minaj,1
57,2012,58,Springsteen,Eric Church,,1
58,2012,59,Brokenhearted,Karmin,,1
59,2012,60,Not Over You,Gavin DeGraw,,1
60,2012,61,Stereo Hearts,Gym Class Heroes,Adam Levine,1
61,2012,62,Back in Time,Pitbull,,1
62,2012,63,Work Out,J. Cole,,1
63,2012,64,Rumour Has It,Adele,,1
64,2012,65,Let's Go,Calvin Harris,Ne-Yo,1
65,2012,66,Good Girl,Carrie Underwood,,1
66,2012,67,Pontoon,Little Big Town,,1
67,2012,68,Ho Hey,The Lumineers,,1
68,2012,69,Paradise,Coldplay,,1
69,2012,70,Blown Away,Carrie Underwood,,1
70,2012,71,Rolling in the Deep,Adele,,1
71,2012,72,Climax,Usher,,1
72,2012,73,"Work Hard, Play Hard",Wiz Khalifa,,1
73,2012,74,Let Me Love You (Until You Learn to Love Yourself),Ne-Yo,,1
74,2012,75,Pound the Alarm,Nicki Minaj,,1
75,2012,76,Come Over,Kenny Chesney,,1
76,2012,77,Heart Attack,Trey Songz,,1
77,2012,78,Drank in My Cup,Kirko Bangz,,1
78,2012,79,Birthday Cake,Rihanna,Chris Brown,1
79,2012,80,So Good,B.o.B,,1
80,2012,81,50 Ways to Say Goodbye,Train,,1
81,2012,82,Red Solo Cup,Toby Keith,,1
82,2012,83,Love You Like a Love Song,Selena Gomez & the Scene,,1
83,2012,84,Turn Up the Music,Chris Brown,,1
84,2012,85,Die Young,Kesha,,1
85,2012,86,5 O'Clock,T-Pain,Wiz Khalifa,1
86,2012,87,A Thousand Years,Christina Perri,,1
87,2012,88,Take a Little Ride,Jason Aldean,,1
88,2012,89,You da One,Rihanna,,1
89,2012,90,We Run the Night,Havana Brown,Pitbull,1
90,2012,91,It's Time,Imagine Dragons,,1
91,2012,92,Cashin' Out,Cash Out,,1
92,2012,93,I Don't Want This Night to End,Luke Bryan,,1
93,2012,94,Diamonds,Rihanna,,1
94,2012,95,Hard to Love,Lee Brice,,1
95,2012,96,Somethin' 'Bout a Truck,Kip Moore,,1
96,2012,97,Adorn,Miguel,,1
97,2012,98,Fly Over States,Jason Aldean,,1
98,2012,99,Even If It Breaks Your Heart,Eli Young Band,,1
99,2012,100,Burn It Down,Linkin Park,,1
100,2013,1,Thrift Shop,Macklemore & Ryan Lewis,Wanz,1
101,2013,2,Blurred Lines,Robin Thicke,T.I.,1
102,2013,3,Radioactive,Imagine Dragons,,1
103,2013,4,Harlem Shake,Baauer,,1
104,2013,5,Can't Hold Us,Macklemore & Ryan Lewis,Ray Dalton,1
105,2013,6,Mirrors,Justin Timberlake,,1
106,2013,7,Just Give Me a Reason,Pink,Nate Ruess,1
107,2013,8,When I Was Your Man,Bruno Mars,,1
108,2013,9,Cruise,Florida Georgia Line,Nelly,1
109,2013,10,Roar,Katy Perry,,1
110,2013,11,Locked Out of Heaven,Bruno Mars,,1
111,2013,12,Ho Hey,The Lumineers,,1
112,2013,13,Stay,Rihanna,Mikky Ekko,1
113,2013,14,Get Lucky,Daft Punk,Pharrell Williams,1
114,2013,15,Royals,Lorde,,1
115,2013,16,I Knew You Were Trouble,Taylor Swift,,1
116,2013,17,We Can't Stop,Miley Cyrus,,1
117,2013,18,Wrecking Ball,Miley Cyrus,,1
118,2013,19,Wake Me Up,Avicii,,1
119,2013,20,Suit & Tie,Justin Timberlake,Jay-Z,1
120,2013,21,Cups (Pitch Perfect's When I'm Gone),Anna Kendrick,,1
121,2013,22,Holy Grail,Jay-Z,Justin Timberlake,1
122,2013,23,Scream & Shout,will.i.am,Britney Spears,1
123,2013,24,Clarity,Zedd,Foxes,1
124,2013,25,Sail,Awolnation,,1
125,2013,26,Don't You Worry Child,Swedish House Mafia,John Martin,1
126,2013,27,Diamonds,Rihanna,,1
127,2013,28,I Love It,Icona Pop,Charli XCX,1
128,2013,29,Safe and Sound,Capital Cities,,1
129,2013,30,Treasure,Bruno Mars,,1
130,2013,31,The Way,Ariana Grande,Mac Miller,1
131,2013,32,Started from the Bottom,Drake,,1
132,2013,33,Come & Get It,Selena Gomez,,1
133,2013,34,"Hold On, We're Going Home",Drake,Majid Jordan,1
134,2013,35,Daylight,Maroon 5,,1
135,2013,36,Feel This Moment,Pitbull,Christina Aguilera,1
136,2013,37,Applause,Lady Gaga,,1
137,2013,38,One More Night,Maroon 5,,1
138,2013,39,Love Me,Lil Wayne,Drake,1
139,2013,40,My Songs Know What You Did in the Dark (Light Em Up),Fall Out Boy,,1
140,2013,41,Fuckin' Problems,ASAP Rocky,Drake,1
141,2013,42,Beauty and a Beat,Justin Bieber,Nicki Minaj,1
142,2013,43,Same Love,Macklemore & Ryan Lewis,Mary Lambert,1
143,2013,44,Sweet Nothing,Calvin Harris,Florence Welch,1
144,2013,45,Summertime Sadness,Lana Del Rey,,1
145,2013,46,Home,Phillip Phillips,,1
146,2013,47,It's Time,Imagine Dragons,,1
147,2013,48,Power Trip,J. Cole,Miguel,1
148,2013,49,Girl on Fire,Alicia Keys,Nicki Minaj,1
149,2013,50,Heart Attack,Demi Lovato,,1
150,2013,51,Love Somebody,Maroon 5,,1
151,2013,52,I Will Wait,Mumford & Sons,,1
152,2013,53,Try,Pink,,1
153,2013,54,Wagon Wheel,Darius Rucker,,1
154,2013,55,Gangnam Style,Psy,,1
155,2013,56,I Need Your Love,Calvin Harris,Ellie Goulding,1
156,2013,57,Die Young,Kesha,,1
157,2013,58,Some Nights,Fun,,1
158,2013,59,Bad,Wale,Tiara Thomas,1
159,2013,60,Boys 'Round Here,Blake Shelton,Pistol Annies,1
160,2013,61,"Gone, Gone, Gone",Phillip Phillips,,1
161,2013,62,Demons,Imagine Dragons,,1
162,2013,63,Counting Stars,OneRepublic,,1
163,2013,64,I Cry,Flo Rida,,1
164,2013,65,Little Talks,Of Monsters and Men,,1
165,2013,66,The Other Side,Jason Derulo,,1
166,2013,67,Berzerk,Eminem,,1
167,2013,68,Catch My Breath,Kelly Clarkson,,1
168,2013,69,Crash My Party,Luke Bryan,,1
169,2013,70,Pour It Up,Rihanna,,1
170,2013,71,22,Taylor Swift,,1
171,2013,72,I Want Crazy,Hunter Hayes,,1
172,2013,73,The Fox (What Does the Fox Say?),Ylvis,,1
173,2013,74,Best Song Ever,One Direction,,1
174,2013,75,The A Team,Ed Sheeran,,1
175,2013,76,Carry On,Fun,,1
176,2013,77,Highway Don't Care,Tim McGraw,Taylor Swift,1
177,2013,78,That's My Kind of Night,Luke Bryan,,1
178,2013,79,Swimming Pools (Drank),Kendrick Lamar,,1
179,2013,80,Sure Be Cool If You Did,Blake Shelton,,1
180,2013,81,#Beautiful,Mariah Carey,Miguel,1
181,2013,82,Troublemaker,Olly Murs,Flo Rida,1
182,2013,83,Body Party,Ciara,,1
183,2013,84,Adorn,Miguel,,1
184,2013,85,Hall of Fame,The Script,will.i.am,1
185,2013,86,Let Me Love You (Until You Learn to Love Yourself),Ne-Yo,,1
186,2013,87,U.O.E.N.O.,Rocko,Future,1
187,2013,88,Next to Me,Emeli Sandé,,1
188,2013,89,Mama's Broken Heart,Miranda Lambert,,1
189,2013,90,It Goes Like This,Thomas Rhett,,1
190,2013,91,Bugatti,Ace Hood,Future,1
191,2013,92,Wanted,Hunter Hayes,,1
192,2013,93,Downtown,Lady Antebellum,,1
193,2013,94,Get Your Shine On,Florida Georgia Line,,1
194,2013,95,#thatPower,will.i.am,Justin Bieber,1
195,2013,96,Brave,Sara Bareilles,,1
196,2013,97,Let Her Go,Passenger,,1
197,2013,98,Runnin' Outta Moonlight,Randy Houser,,1
198,2013,99,I'm Different,2 Chainz,,1
199,2013,100,Still Into You,Paramore,,1
200,2014,1,Happy,Pharrell Williams,,1
201,2014,2,Dark Horse,Katy Perry,Juicy J,1
202,2014,3,All of Me,John Legend,,1
203,2014,4,Fancy,Iggy Azalea,Charli XCX,1
204,2014,5,Counting Stars,OneRepublic,,1
205,2014,6,Talk Dirty,Jason Derulo,2 Chainz,1
206,2014,7,Rude,Magic!,,1
207,2014,8,All About That Bass,Meghan Trainor,,1
208,2014,9,Problem,Ariana Grande,Iggy Azalea,1
209,2014,10,Stay with Me,Sam Smith,,1
210,2014,11,Timber,Pitbull,Kesha,1
211,2014,12,Pompeii,Bastille,,1
212,2014,13,Shake It Off,Taylor Swift,,1
213,2014,14,Am I Wrong,Nico & Vinz,,1
214,2014,15,Turn Down for What,DJ Snake & Lil Jon,,1
215,2014,16,The Monster,Eminem,Rihanna,1
216,2014,17,Say Something,A Great Big World & Christina Aguilera,,1
217,2014,18,Team,Lorde,,1
218,2014,19,Let Her Go,Passenger,,1
219,2014,20,Royals,Lorde,,1
220,2014,21,Let It Go,Idina Menzel,,1
221,2014,22,Wake Me Up,Avicii,,1
222,2014,23,Demons,Imagine Dragons,,1
223,2014,24,Story of My Life,One Direction,,1
224,2014,25,Chandelier,Sia,,1
225,2014,26,Black Widow,Iggy Azalea,Rita Ora,1
226,2014,27,Bang Bang,Jessie J & Ariana Grande & Nicki Minaj,,1
227,2014,28,Latch,Disclosure,Sam Smith,1
228,2014,29,Maps,Maroon 5,,1
229,2014,30,Loyal,Chris Brown,Lil Wayne & French Montana & Too Short & Tyga,1
230,2014,31,Best Day of My Life,American Authors,,1
231,2014,32,Habits (Stay High),Tove Lo,,1
232,2014,33,Summer,Calvin Harris,,1
233,2014,34,Boom Clap,Charli XCX,,1
234,2014,35,Drunk in Love,Beyoncé,Jay-Z,1
235,2014,36,Anaconda,Nicki Minaj,,1
236,2014,37,Break Free,Ariana Grande,Zedd,1
237,2014,38,Bailando,Enrique Iglesias,Descemer Bueno & Gente de Zona,1
238,2014,39,Burn,Ellie Goulding,,1
239,2014,40,Wiggle,Jason Derulo,Snoop Dogg,1
240,2014,41,Rather Be,Clean Bandit,Jess Glynne,1
241,2014,42,Don't Tell 'Em,Jeremih,YG,1
242,2014,43,Show Me,Kid Ink,Chris Brown,1
243,2014,44,Wrecking Ball,Miley Cyrus,,1
244,2014,45,Not a Bad Thing,Justin Timberlake,,1
245,2014,46,Roar,Katy Perry,,1
246,2014,47,Ain't It Fun,Paramore,,1
247,2014,48,The Man,Aloe Blacc,,1
248,2014,49,This Is How We Roll,Florida Georgia Line,Luke Bryan,1
249,2014,50,Classic,MKTO,,1
250,2014,51,A Sky Full of Stars,Coldplay,,1
251,2014,52,Don't,Ed Sheeran,,1
252,2014,53,Na Na,Trey Songz,,1
253,2014,54,Hot Boy,Bobby Shmurda,,1
254,2014,55,"Hold On, We're Going Home",Drake,Majid Jordan,1
255,2014,56,Sing,Ed Sheeran,,1
256,2014,57,Radioactive,Imagine Dragons,,1
257,2014,58,My Hitta,YG,Jeezy & Rich Homie Quan,1
258,2014,59,Cool Kids,Echosmith,,1
259,2014,60,Hey Brother,Avicii,,1
260,2014,61,Trumpets,Jason Derulo,,1
261,2014,62,Animals,Maroon 5,,1
262,2014,63,Burnin' It Down,Jason Aldean,,1
263,2014,64,Play It Again,Luke Bryan,,1
264,2014,65,2 On,Tinashe,ScHoolboy Q,1
265,2014,66,Dirt,Florida Georgia Line,,1
266,2014,67,Love Runs Out,OneRepublic,,1
267,2014,68,Bottoms Up,Brantley Gilbert,,1
268,2014,69,Shower,Becky G,,1
269,2014,70,Me and My Broken Heart,Rixton,,1
270,2014,71,Animals,Martin Garrix,,1
271,2014,72,Lifestyle,Rich Gang,Young Thug & Rich Homie Quan,1
272,2014,73,American Kids,Kenny Chesney,,1
273,2014,74,Brave,Sara Bareilles,,1
274,2014,75,Sweater Weather,The Neighbourhood,,1
275,2014,76,Leave the Night On,Sam Hunt,,1
276,2014,77,New Flame,Chris Brown,Usher & Rick Ross,1
277,2014,78,Love Never Felt So Good,Michael Jackson & Justin Timberlake,,1
278,2014,79,Drunk on a Plane,Dierks Bentley,,1
279,2014,80,Birthday,Katy Perry,,1
280,2014,81,Bartender,Lady Antebellum,,1
281,2014,82,La La La,Naughty Boy,Sam Smith,1
282,2014,83,Blurred Lines,Robin Thicke,T.I. & Pharrell Williams,1
283,2014,84,Do What U Want,Lady Gaga,R. Kelly,1
284,2014,85,Can't Remember to Forget You,Shakira,Rihanna,1
285,2014,86,Amnesia,5 Seconds of Summer,,1
286,2014,87,No Mediocre,T.I.,Iggy Azalea,1
287,2014,88,Come with Me Now,KONGOS,,1
288,2014,89,Believe Me,Lil Wayne,Drake,1
289,2014,90,23,Mike WiLL Made-It,Miley Cyrus & Wiz Khalifa & Juicy J,1
290,2014,91,Beachin',Jake Owen,,1
291,2014,92,White Walls,Macklemore & Ryan Lewis,ScHoolboy Q & Hollis,1
292,2014,93,She Looks So Perfect,5 Seconds of Summer,,1
293,2014,94,Stay the Night,Zedd,Hayley Williams,1
294,2014,95,Partition,Beyoncé,,1
295,2014,96,Studio,ScHoolboy Q,BJ the Chicago Kid,1
296,2014,97,0 to 100 / The Catch Up,Drake,,1
297,2014,98,I Don't Dance,Lee Brice,,1
298,2014,99,Somethin' Bad,Miranda Lambert & Carrie Underwood,,1
299,2014,100,Adore You,Miley Cyrus,,1
300,2015,1,Uptown Funk,Mark Ronson,Bruno Mars,1
301,2015,2,Thinking Out Loud,Ed Sheeran,,1
302,2015,3,See You Again,Wiz Khalifa,Charlie Puth,1
303,2015,4,Trap Queen,Fetty Wap,,1
304,2015,5,Sugar,Maroon 5,,1
305,2015,6,Shut Up and Dance,Walk the Moon,,1
306,2015,7,Blank Space,Taylor Swift,,1
307,2015,8,Watch Me,Silentó,,1
308,2015,9,Earned It,The Weeknd,,1
309,2015,10,The Hills,The Weeknd,,1
310,2015,11,Cheerleader,OMI,,1
311,2015,12,Can't Feel My Face,The Weeknd,,1
312,2015,13,Love Me Like You Do,Ellie Goulding,,1
313,2015,14,Take Me to Church,Hozier,,1
314,2015,15,Bad Blood,Taylor Swift,Kendrick Lamar,1
315,2015,16,Lean On,Major Lazer & DJ Snake,MØ,1
316,2015,17,Want to Want Me,Jason Derulo,,1
317,2015,18,Shake It Off,Taylor Swift,,1
318,2015,19,Where Are Ü Now,Skrillex & Diplo & Jack Ü,Justin Bieber,1
319,2015,20,Fight Song,Rachel Platten,,1
320,2015,21,679,Fetty Wap,Remy Boyz,1
321,2015,22,Lips Are Movin,Meghan Trainor,,1
322,2015,23,Worth It,Fifth Harmony,Kid Ink,1
323,2015,24,Post to Be,Omarion,Chris Brown & Jhené Aiko,1
324,2015,25,"Honey, I'm Good.",Andy Grammer,,1
325,2015,26,I'm Not the Only One,Sam Smith,,1
326,2015,27,Good for You,Selena Gomez,ASAP Rocky,1
327,2015,28,All About That Bass,Meghan Trainor,,1
328,2015,29,Style,Taylor Swift,,1
329,2015,30,Hotline Bling,Drake,,1
330,2015,31,Hey Mama,David Guetta,Nicki Minaj & Bebe Rexha & Afrojack,1
331,2015,32,G.D.F.R.,Flo Rida,Sage the Gemini & Lookas,1
332,2015,33,What Do You Mean?,Justin Bieber,,1
333,2015,34,Photograph,Ed Sheeran,,1
334,2015,35,Hello,Adele,,1
335,2015,36,Stitches,Shawn Mendes,,1
336,2015,37,Talking Body,Tove Lo,,1
337,2015,38,Jealous,Nick Jonas,,1
338,2015,39,Time of Our Lives,Pitbull & Ne-Yo,,1
339,2015,40,Locked Away,R. City,Adam Levine,1
340,2015,41,Somebody,Natalie La Rose,Jeremih,1
341,2015,42,FourFiveSeconds,Rihanna & Kanye West & Paul McCartney,,1
342,2015,43,Centuries,Fall Out Boy,,1
343,2015,44,My Way,Fetty Wap,Monty,1
344,2015,45,Take Your Time,Sam Hunt,,1
345,2015,46,Animals,Maroon 5,,1
346,2015,47,I Don't Fuck with You,Big Sean,E-40,1
347,2015,48,Bitch Better Have My Money,Rihanna,,1
348,2015,49,"Flex (Ooh, Ooh, Ooh)",Rich Homie Quan,,1
349,2015,50,Nasty Freestyle,T-Wayne,,1
350,2015,51,Only,Nicki Minaj,Drake & Lil Wayne & Chris Brown,1
351,2015,52,Elastic Heart,Sia,,1
352,2015,53,Cool for the Summer,Demi Lovato,,1
353,2015,54,Renegades,X Ambassadors,,1
354,2015,55,I Don't Mind,Usher,Juicy J,1
355,2015,56,Love Me Harder,Ariana Grande & The Weeknd,,1
356,2015,57,Wildest Dreams,Taylor Swift,,1
357,2015,58,Stay with Me,Sam Smith,,1
358,2015,59,You Know You Like It,DJ Snake & AlunaGeorge,,1
359,2015,60,Uma Thurman,Fall Out Boy,,1
360,2015,61,7/11,Beyoncé,,1
361,2015,62,The Heart Wants What It Wants,Selena Gomez,,1
362,2015,63,Girl Crush,Little Big Town,,1
363,2015,64,Slow Motion,Trey Songz,,1
364,2015,65,Drag Me Down,One Direction,,1
365,2015,66,Truffle Butter,Nicki Minaj,Drake & Lil Wayne,1
366,2015,67,One Last Time,Ariana Grande,,1
367,2015,68,Chains,Nick Jonas,,1
368,2015,69,All Eyes on You,Meek Mill,Chris Brown & Nicki Minaj,1
369,2015,70,No Type,Rae Sremmurd,,1
370,2015,71,Riptide,Vance Joy,,1
371,2015,72,Classic Man,Jidenna,Roman GianArthur,1
372,2015,73,Ex's & Oh's,Elle King,,1
373,2015,74,Dear Future Husband,Meghan Trainor,,1
374,2015,75,Marvin Gaye,Charlie Puth,Meghan Trainor,1
375,2015,76,Like I'm Gonna Lose You,Meghan Trainor,John Legend,1
376,2015,77,Habits (Stay High),Tove Lo,,1
377,2015,78,The Hanging Tree,James Newton Howard,Jennifer Lawrence,1
378,2015,79,CoCo,O.T. Genasis,,1
379,2015,80,Bang Bang,Jessie J & Ariana Grande & Nicki Minaj,,1
380,2015,81,Lay Me Down,Sam Smith,,1
381,2015,82,Tuesday,ILoveMakonnen,Drake,1
382,2015,83,Hit the Quan,iLoveMemphis,,1
383,2015,84,Downtown,Macklemore & Ryan Lewis,Eric Nally & Melle Mel & Kool Moe Dee & Grandmaster Caz,1
384,2015,85,House Party,Sam Hunt,,1
385,2015,86,Ayo,Chris Brown & Tyga,,1
386,2015,87,Kick the Dust Up,Luke Bryan,,1
387,2015,88,Blessings,Big Sean,Drake & Kanye West,1
388,2015,89,Budapest,George Ezra,,1
389,2015,90,Chandelier,Sia,,1
390,2015,91,Heartbeat Song,Kelly Clarkson,,1
391,2015,92,Don't,Ed Sheeran,,1
392,2015,93,Ghost,Ella Henderson,,1
393,2015,94,Here,Alessia Cara,,1
394,2015,95,Waves,Mr Probz,,1
395,2015,96,El Perdón,Nicky Jam & Enrique Iglesias,,1
396,2015,97,She Knows,Ne-Yo,Juicy J,1
397,2015,98,Night Changes,One Direction,,1
398,2015,99,Back to Back,Drake,,1
399,2015,100,How Deep Is Your Love,Calvin Harris & Disciples,,1
400,2016,1,Love Yourself,Justin Bieber,,1
401,2016,2,Sorry,Justin Bieber,,1
402,2016,3,One Dance,Drake,Wizkid & Kyla,1
403,2016,4,Work,Rihanna,Drake,1
404,2016,5,Stressed Out,Twenty One Pilots,,1
405,2016,6,Panda,Desiigner,,1
406,2016,7,Hello,Adele,,1
407,2016,8,Don't Let Me Down,The Chainsmokers,Daya,1
408,2016,9,Can't Stop the Feeling!,Justin Timberlake,,1
409,2016,10,Closer,The Chainsmokers,Halsey,1
410,2016,11,Cheap Thrills,Sia,Sean Paul,1
411,2016,12,7 Years,Lukas Graham,,1
412,2016,13,Needed Me,Rihanna,,1
413,2016,14,My House,Flo Rida,,1
414,2016,15,I Took a Pill in Ibiza,Mike Posner,,1
415,2016,16,Work from Home,Fifth Harmony,Ty Dolla Sign,1
416,2016,17,This Is What You Came For,Calvin Harris,Rihanna,1
417,2016,18,Cake by the Ocean,DNCE,,1
418,2016,19,"Me, Myself & I",G-Eazy & Bebe Rexha,,1
419,2016,20,Ride,Twenty One Pilots,,1
420,2016,21,Heathens,Twenty One Pilots,,1
421,2016,22,Pillowtalk,Zayn,,1
422,2016,23,Stitches,Shawn Mendes,,1
423,2016,24,Hotline Bling,Drake,,1
424,2016,25,Cold Water,Major Lazer,Justin Bieber & MØ,1
425,2016,26,Send My Love (To Your New Lover),Adele,,1
426,2016,27,Roses,The Chainsmokers,Rozes,1
427,2016,28,Treat You Better,Shawn Mendes,,1
428,2016,29,Too Good,Drake,Rihanna,1
429,2016,30,Low Life,Future,The Weeknd,1
430,2016,31,What Do You Mean?,Justin Bieber,,1
431,2016,32,The Hills,The Weeknd,,1
432,2016,33,Just Like Fire,P!nk,,1
433,2016,34,Broccoli,DRAM,Lil Yachty,1
434,2016,35,Don't,Bryson Tiller,,1
435,2016,36,Dangerous Woman,Ariana Grande,,1
436,2016,37,Jumpman,Drake & Future,,1
437,2016,38,"I Hate U, I Love U",Gnash,Olivia O'Brien,1
438,2016,39,Here,Alessia Cara,,1
439,2016,40,Same Old Love,Selena Gomez,,1
440,2016,41,Controlla,Drake,,1
441,2016,42,Like I'm Gonna Lose You,Meghan Trainor,John Legend,1
442,2016,43,One Call Away,Charlie Puth,,1
443,2016,44,Let It Go,James Bay,,1
444,2016,45,No,Meghan Trainor,,1
445,2016,46,Never Forget You,Zara Larsson & MNEK,,1
446,2016,47,Let Me Love You,DJ Snake,Justin Bieber,1
447,2016,48,Don't Mind,Kent Jones,,1
448,2016,49,H.O.L.Y.,Florida Georgia Line,,1
449,2016,50,We Don't Talk Anymore,Charlie Puth,Selena Gomez,1
450,2016,51,Into You,Ariana Grande,,1
451,2016,52,Gold,Kiiara,,1
452,2016,53,Exchange,Bryson Tiller,,1
453,2016,54,679,Fetty Wap,Remy Boyz,1
454,2016,55,Oui,Jeremih,,1
455,2016,56,Hands to Myself,Selena Gomez,,1
456,2016,57,2 Phones,Kevin Gates,,1
457,2016,58,Starboy,The Weeknd,Daft Punk,1
458,2016,59,For Free,DJ Khaled,Drake,1
459,2016,60,Never Be Like You,Flume,Kai,1
460,2016,61,In the Night,The Weeknd,,1
461,2016,62,Me Too,Meghan Trainor,,1
462,2016,63,Ex's & Oh's,Elle King,,1
463,2016,64,Die a Happy Man,Thomas Rhett,,1
464,2016,65,White Iverson,Post Malone,,1
465,2016,66,Close,Nick Jonas,Tove Lo,1
466,2016,67,Unsteady,X Ambassadors,,1
467,2016,68,Sucker for Pain,Lil Wayne & Wiz Khalifa & Imagine Dragons & Logic & Ty Dolla Sign,X Ambassadors,1
468,2016,69,Down in the DM,Yo Gotti,Nicki Minaj,1
469,2016,70,Luv,Tory Lanez,,1
470,2016,71,Sorry,Beyoncé,,1
471,2016,72,Can't Feel My Face,The Weeknd,,1
472,2016,73,Hymn for the Weekend,Coldplay,,1
473,2016,74,Say It,Tory Lanez,,1
474,2016,75,Antidote,Travis Scott,,1
475,2016,76,Lost Boy,Ruth B,,1
476,2016,77,Side to Side,Ariana Grande,Nicki Minaj,1
477,2016,78,"Sit Still, Look Pretty",Daya,,1
478,2016,79,Wildest Dreams,Taylor Swift,,1
479,2016,80,Middle,DJ Snake,Bipolar Sunshine,1
480,2016,81,On My Mind,Ellie Goulding,,1
481,2016,82,Pop Style,Drake,Jay-Z & Kanye West & [a],1
482,2016,83,When We Were Young,Adele,,1
483,2016,84,Hide Away,Daya,,1
484,2016,85,Lean On,Major Lazer & DJ Snake,MØ,1
485,2016,86,I Know What You Did Last Summer,Shawn Mendes & Camila Cabello,,1
486,2016,87,All the Way Up,Fat Joe & Remy Ma,French Montana,1
487,2016,88,Watch Me,Silentó,,1
488,2016,89,Back to Sleep,Chris Brown,,1
489,2016,90,No Limit,Usher,Young Thug,1
490,2016,91,Cut It,O.T. Genasis,Young Dolph,1
491,2016,92,Really Really,Kevin Gates,,1
492,2016,93,All In My Head (Flex),Fifth Harmony,Fetty Wap,1
493,2016,94,Starving,Hailee Steinfeld & Grey,Zedd,1
494,2016,95,Adventure of a Lifetime,Coldplay,,1
495,2016,96,Humble and Kind,Tim McGraw,,1
496,2016,97,Wicked,Future,,1
497,2016,98,Tiimmy Turner,Desiigner,,1
498,2016,99,See You Again,Wiz Khalifa,Charlie Puth,1
499,2016,100,Perfect,One Direction,,1
500,2017,1,Shape of You,Ed Sheeran,,1
501,2017,2,Despacito (Remix),Luis Fonsi & Daddy Yankee,Justin Bieber,1
502,2017,3,That's What I Like,Bruno Mars,,1
503,2017,4,Humble,Kendrick Lamar,,1
504,2017,5,Something Just Like This,The Chainsmokers & Coldplay,,1
505,2017,6,Bad and Boujee,Migos,Lil Uzi Vert,1
506,2017,7,Closer,The Chainsmokers,Halsey,1
507,2017,8,Body Like a Back Road,Sam Hunt,,1
508,2017,9,Believer,Imagine Dragons,,1
509,2017,10,Congratulations,Post Malone,Quavo,1
510,2017,11,Say You Won't Let Go,James Arthur,,1
511,2017,12,I'm the One,DJ Khaled,Justin Bieber & Quavo & Chance the Rapper & Lil Wayne,1
512,2017,13,XO Tour Llif3,Lil Uzi Vert,,1
513,2017,14,Mask Off,Future,,1
514,2017,15,Unforgettable,French Montana,Swae Lee,1
515,2017,16,24K Magic,Bruno Mars,,1
516,2017,17,Stay,Zedd & Alessia Cara,,1
517,2017,18,Wild Thoughts,DJ Khaled,Rihanna & Bryson Tiller,1
518,2017,19,Black Beatles,Rae Sremmurd,Gucci Mane,1
519,2017,20,Starboy,The Weeknd,Daft Punk,1
520,2017,21,Location,Khalid,,1
521,2017,22,Attention,Charlie Puth,,1
522,2017,23,There's Nothing Holdin' Me Back,Shawn Mendes,,1
523,2017,24,Bodak Yellow,Cardi B,,1
524,2017,25,Redbone,Childish Gambino,,1
525,2017,26,I Don't Wanna Live Forever,Zayn & Taylor Swift,,1
526,2017,27,It Ain't Me,Kygo & Selena Gomez,,1
527,2017,28,iSpy,Kyle,Lil Yachty,1
528,2017,29,Issues,Julia Michaels,,1
529,2017,30,Scars to Your Beautiful,Alessia Cara,,1
530,2017,31,1-800-273-8255,Logic,Alessia Cara & Khalid,1
531,2017,32,Slow Hands,Niall Horan,,1
532,2017,33,Love on the Brain,Rihanna,,1
533,2017,34,I Feel It Coming,The Weeknd,Daft Punk,1
534,2017,35,Bounce Back,Big Sean,,1
535,2017,36,Strip That Down,Liam Payne,Quavo,1
536,2017,37,Fake Love,Drake,,1
537,2017,38,Don't Wanna Know,Maroon 5,Kendrick Lamar,1
538,2017,39,Look What You Made Me Do,Taylor Swift,,1
539,2017,40,Castle on the Hill,Ed Sheeran,,1
540,2017,41,Bad Things,Machine Gun Kelly & Camila Cabello,,1
541,2017,42,Paris,The Chainsmokers,,1
542,2017,43,Side to Side,Ariana Grande,Nicki Minaj,1
543,2017,44,Rockabye,Clean Bandit,Sean Paul & Anne-Marie,1
544,2017,45,Feel It Still,Portugal. The Man,,1
545,2017,46,Let Me Love You,DJ Snake,Justin Bieber,1
546,2017,47,Sorry Not Sorry,Demi Lovato,,1
547,2017,48,Bank Account,21 Savage,,1
548,2017,49,Can't Stop the Feeling!,Justin Timberlake,,1
549,2017,50,Mi Gente,J Balvin & Willy William,Beyoncé,1
550,2017,51,Thunder,Imagine Dragons,,1
551,2017,52,T-shirt,Migos,,1
552,2017,53,Rake It Up,Yo Gotti,Nicki Minaj,1
553,2017,54,Mercy,Shawn Mendes,,1
554,2017,55,Tunnel Vision,Kodak Black,,1
555,2017,56,Rockstar,Post Malone,21 Savage,1
556,2017,57,In Case You Didn't Know,Brett Young,,1
557,2017,58,Heathens,Twenty One Pilots,,1
558,2017,59,Now or Never,Halsey,,1
559,2017,60,Caroline,Aminé,,1
560,2017,61,Rolex,Ayo & Teo,,1
561,2017,62,DNA,Kendrick Lamar,,1
562,2017,63,Juju on That Beat (TZ Anthem),Zay Hilfigerrr & Zayion McCall,,1
563,2017,64,Swang,Rae Sremmurd,,1
564,2017,65,Passionfruit,Drake,,1
565,2017,66,Loyalty,Kendrick Lamar,Rihanna,1
566,2017,67,Praying,Kesha,,1
567,2017,68,Goosebumps,Travis Scott,,1
568,2017,69,Cold,Maroon 5,Future,1
569,2017,70,Broccoli,DRAM,Lil Yachty,1
570,2017,71,Slide,Calvin Harris,Frank Ocean & Migos,1
571,2017,72,What Ifs,Kane Brown,Lauren Alaina,1
572,2017,73,Chained to the Rhythm,Katy Perry,Skip Marley,1
573,2017,74,Feels,Calvin Harris,Pharrell Williams & Katy Perry & Big Sean,1
574,2017,75,All Time Low,Jon Bellion,,1
575,2017,76,Hurricane,Luke Combs,,1
576,2017,77,Too Good at Goodbyes,Sam Smith,,1
577,2017,78,Young Dumb & Broke,Khalid,,1
578,2017,79,Magnolia,Playboi Carti,,1
579,2017,80,Love Galore,SZA,Travis Scott,1
580,2017,81,Drowning,A Boogie wit da Hoodie,Kodak Black,1
581,2017,82,Starving,Hailee Steinfeld & Grey,Zedd,1
582,2017,83,Both,Gucci Mane,Drake,1
583,2017,84,What About Us,P!nk,,1
584,2017,85,Swalla,Jason Derulo,Nicki Minaj & Ty Dolla Sign,1
585,2017,86,Slippery,Migos,Gucci Mane,1
586,2017,87,Sign of the Times,Harry Styles,,1
587,2017,88,Water Under the Bridge,Adele,,1
588,2017,89,Malibu,Miley Cyrus,,1
589,2017,90,Down,Marian Hill,,1
590,2017,91,No Promises,Cheat Codes,Demi Lovato,1
591,2017,92,Treat You Better,Shawn Mendes,,1
592,2017,93,I Get the Bag,Gucci Mane,Migos,1
593,2017,94,Small Town Boy,Dustin Lynch,,1
594,2017,95,Everyday We Lit,YFN Lucci,PnB Rock,1
595,2017,96,Havana,Camila Cabello,Young Thug,1
596,2017,97,What Lovers Do,Maroon 5,SZA,1
597,2017,98,Do Re Mi,Blackbear,,1
598,2017,99,Look at Me!,XXXTentacion,,1
599,2017,100,The Fighter,Keith Urban,Carrie Underwood,1
600,2018,1,God's Plan,Drake,,1
601,2018,2,Perfect,Ed Sheeran,,1
602,2018,3,Meant to Be,Bebe Rexha,Florida Georgia Line,1
603,2018,4,Havana,Camila Cabello,Young Thug,1
604,2018,5,Rockstar,Post Malone,21 Savage,1
605,2018,6,Psycho,Post Malone,Ty Dolla Sign,1
606,2018,7,I Like It,Cardi B & Bad Bunny & J Balvin,,1
607,2018,8,The Middle,Zedd & Maren Morris & Grey,,1
608,2018,9,In My Feelings,Drake,,1
609,2018,10,Girls Like You,Maroon 5,Cardi B,1
610,2018,11,Nice for What,Drake,,1
611,2018,12,Lucid Dreams,Juice Wrld,,1
612,2018,13,Better Now,Post Malone,,1
613,2018,14,Finesse,Bruno Mars,Cardi B,1
614,2018,15,Boo'd Up,Ella Mai,,1
615,2018,16,New Rules,Dua Lipa,,1
616,2018,17,Sad!,XXXTentacion,,1
617,2018,18,Never Be the Same,Camila Cabello,,1
618,2018,19,Love Lies,Khalid & Normani,,1
619,2018,20,No Tears Left to Cry,Ariana Grande,,1
620,2018,21,Mine,Bazzi,,1
621,2018,22,Thunder,Imagine Dragons,,1
622,2018,23,Look Alive,BlocBoy JB,Drake,1
623,2018,24,Delicate,Taylor Swift,,1
624,2018,25,Yes Indeed,Lil Baby & Drake,,1
625,2018,26,Friends,Marshmello & Anne-Marie,,1
626,2018,27,Bad at Love,Halsey,,1
627,2018,28,Taste,Tyga,Offset,1
628,2018,29,Let You Down,NF,,1
629,2018,30,No Limit,G-Eazy,ASAP Rocky & Cardi B,1
630,2018,31,Fefe,6ix9ine,Nicki Minaj & Murda Beatz,1
631,2018,32,Tequila,Dan + Shay,,1
632,2018,33,Feel It Still,Portugal. The Man,,1
633,2018,34,MotorSport,Migos & Nicki Minaj & Cardi B,,1
634,2018,35,I Like Me Better,Lauv,,1
635,2018,36,Youngblood,5 Seconds of Summer,,1
636,2018,37,Whatever It Takes,Imagine Dragons,,1
637,2018,38,Ric Flair Drip,Offset & Metro Boomin,,1
638,2018,39,I Fall Apart,Post Malone,,1
639,2018,40,Pray for Me,The Weeknd & Kendrick Lamar,,1
640,2018,41,Back to You,Selena Gomez,,1
641,2018,42,Sicko Mode,Travis Scott,,1
642,2018,43,Walk It Talk It,Migos,Drake,1
643,2018,44,Gucci Gang,Lil Pump,,1
644,2018,45,Him & I,G-Eazy & Halsey,,1
645,2018,46,In My Blood,Shawn Mendes,,1
646,2018,47,All the Stars,Kendrick Lamar & SZA,,1
647,2018,48,Stir Fry,Migos,,1
648,2018,49,Too Good at Goodbyes,Sam Smith,,1
649,2018,50,Love,Kendrick Lamar,Zacari,1
650,2018,51,This Is America,Childish Gambino,,1
651,2018,52,Nonstop,Drake,,1
652,2018,53,Heaven,Kane Brown,,1
653,2018,54,Bodak Yellow,Cardi B,,1
654,2018,55,Freaky Friday,Lil Dicky,Chris Brown,1
655,2018,56,Gummo,6ix9ine,,1
656,2018,57,Plug Walk,Rich the Kid,,1
657,2018,58,Wait,Maroon 5,,1
658,2018,59,Be Careful,Cardi B,,1
659,2018,60,Wolves,Selena Gomez & Marshmello,,1
660,2018,61,Bartier Cardi,Cardi B,21 Savage,1
661,2018,62,God Is a Woman,Ariana Grande,,1
662,2018,63,Big Bank,YG,2 Chainz & Nicki Minaj & Big Sean,1
663,2018,64,Sorry Not Sorry,Demi Lovato,,1
664,2018,65,How Long,Charlie Puth,,1
665,2018,66,Lights Down Low,Max,Gnash,1
666,2018,67,Young Dumb & Broke,Khalid,,1
667,2018,68,One Kiss,Calvin Harris & Dua Lipa,,1
668,2018,69,Natural,Imagine Dragons,,1
669,2018,70,You Make It Easy,Jason Aldean,,1
670,2018,71,Shape of You,Ed Sheeran,,1
671,2018,72,I Get the Bag,Gucci Mane,Migos,1
672,2018,73,No Brainer,DJ Khaled,Justin Bieber & Chance the Rapper & Quavo,1
673,2018,74,Plain Jane,ASAP Ferg,Nicki Minaj,1
674,2018,75,Sky Walker,Miguel,Travis Scott,1
675,2018,76,Marry Me,Thomas Rhett,,1
676,2018,77,Eastside,Benny Blanco & Halsey & Khalid,,1
677,2018,78,Call Out My Name,The Weeknd,,1
678,2018,79,King's Dead,Jay Rock & Kendrick Lamar & Future & James Blake,,1
679,2018,80,Happier,Marshmello & Bastille,,1
680,2018,81,Te Boté,Darell,Bad Bunny & Nicky Jam & Ozuna,1
681,2018,82,Simple,Florida Georgia Line,,1
682,2018,83,Lemon,N.E.R.D & Rihanna,,1
683,2018,84,1-800-273-8255,Logic,Alessia Cara & Khalid,1
684,2018,85,Say Something,Justin Timberlake,Chris Stapleton,1
685,2018,86,I'm Upset,Drake,,1
686,2018,87,Get Along,Kenny Chesney,,1
687,2018,88,Moonlight,XXXTentacion,,1
688,2018,89,What Lovers Do,Maroon 5,SZA,1
689,2018,90,X,Nicky Jam & J Balvin,,1
690,2018,91,Outside Today,YoungBoy Never Broke Again,,1
691,2018,92,Trip,Ella Mai,,1
692,2018,93,Dura,Daddy Yankee,,1
693,2018,94,Changes,XXXTentacion,,1
694,2018,95,Mercy,Brett Young,,1
695,2018,96,One Number Away,Luke Combs,,1
696,2018,97,Powerglide,Rae Sremmurd,Juicy J,1
697,2018,98,IDGAF,Dua Lipa,,1
698,2018,99,Mi Gente,J Balvin & Willy William,Beyoncé,1
699,2018,100,Believer,Imagine Dragons,,1
700,2019,1,Old Town Road,Lil Nas X,Billy Ray Cyrus,1
701,2019,2,Sunflower,Post Malone & Swae Lee,,1
702,2019,3,Without Me,Halsey,,1
703,2019,4,Bad Guy,Billie Eilish,,1
704,2019,5,Wow,Post Malone,,1
705,2019,6,Happier,Marshmello & Bastille,,1
706,2019,7,7 Rings,Ariana Grande,,1
707,2019,8,Talk,Khalid,,1
708,2019,9,Sicko Mode,Travis Scott,,1
709,2019,10,Sucker,Jonas Brothers,,1
710,2019,11,High Hopes,Panic! at the Disco,,1
711,2019,12,"Thank U, Next",Ariana Grande,,1
712,2019,13,Truth Hurts,Lizzo,,1
713,2019,14,Dancing with a Stranger,Sam Smith & Normani,,1
714,2019,15,Señorita,Shawn Mendes & Camila Cabello,,1
715,2019,16,I Don't Care,Ed Sheeran & Justin Bieber,,1
716,2019,17,Eastside,Benny Blanco & Halsey & Khalid,,1
717,2019,18,Going Bad,Meek Mill,Drake,1
718,2019,19,Shallow,Lady Gaga & Bradley Cooper,,1
719,2019,20,Better,Khalid,,1
720,2019,21,No Guidance,Chris Brown,Drake,1
721,2019,22,Girls Like You,Maroon 5,Cardi B,1
722,2019,23,Sweet but Psycho,Ava Max,,1
723,2019,24,Suge,DaBaby,,1
724,2019,25,Middle Child,J. Cole,,1
725,2019,26,Drip Too Hard,Lil Baby & Gunna,,1
726,2019,27,Someone You Loved,Lewis Capaldi,,1
727,2019,28,Ransom,Lil Tecca,,1
728,2019,29,If I Can't Have You,Shawn Mendes,,1
729,2019,30,Goodbyes,Post Malone,Young Thug,1
730,2019,31,Zeze,Kodak Black,Travis Scott & Offset,1
731,2019,32,Better Now,Post Malone,,1
732,2019,33,Youngblood,5 Seconds of Summer,,1
733,2019,34,Money in the Grave,Drake,Rick Ross,1
734,2019,35,Speechless,Dan + Shay,,1
735,2019,36,"Break Up with Your Girlfriend, I'm Bored",Ariana Grande,,1
736,2019,37,Please Me,Cardi B & Bruno Mars,,1
737,2019,38,Money,Cardi B,,1
738,2019,39,You Need to Calm Down,Taylor Swift,,1
739,2019,40,Panini,Lil Nas X,,1
740,2019,41,Look Back at It,A Boogie wit da Hoodie,,1
741,2019,42,A Lot,21 Savage,,1
742,2019,43,Me!,Taylor Swift,Brendon Urie,1
743,2019,44,Mia,Bad Bunny,Drake,1
744,2019,45,Pop Out,Polo G,Lil Tjay,1
745,2019,46,Beautiful Crazy,Luke Combs,,1
746,2019,47,Thotiana,Blueface,,1
747,2019,48,Lucid Dreams,Juice Wrld,,1
748,2019,49,Mo Bamba,Sheck Wes,,1
749,2019,50,Beautiful People,Ed Sheeran,Khalid,1
750,2019,51,Wake Up in the Sky,Gucci Mane & Bruno Mars & Kodak Black,,1
751,2019,52,Whiskey Glasses,Morgan Wallen,,1
752,2019,53,God's Country,Blake Shelton,,1
753,2019,54,Be Alright,Dean Lewis,,1
754,2019,55,Pure Water,Mustard & Migos,,1
755,2019,56,The Git Up,Blanco Brown,,1
756,2019,57,Taki Taki,DJ Snake,Selena Gomez & Ozuna & Cardi B,1
757,2019,58,Close to Me,Ellie Goulding & Diplo,Swae Lee,1
758,2019,59,Envy Me,Calboy,,1
759,2019,60,You Say,Lauren Daigle,,1
760,2019,61,"Hey Look Ma, I Made It",Panic! at the Disco,,1
761,2019,62,Circles,Post Malone,,1
762,2019,63,Beer Never Broke My Heart,Luke Combs,,1
763,2019,64,The London,Young Thug & J. Cole & Travis Scott,,1
764,2019,65,Con Calma,Daddy Yankee & Katy Perry,Snow,1
765,2019,66,Murder on My Mind,YNW Melly,,1
766,2019,67,When the Party's Over,Billie Eilish,,1
767,2019,68,Act Up,City Girls,,1
768,2019,69,I Like It,Cardi B & Bad Bunny & J Balvin,,1
769,2019,70,Trampoline,Shaed,,1
770,2019,71,Leave Me Alone,Flipp Dinero,,1
771,2019,72,Breathin,Ariana Grande,,1
772,2019,73,Bury a Friend,Billie Eilish,,1
773,2019,74,Close Friends,Lil Baby,,1
774,2019,75,Baby Shark,Pinkfong,,1
775,2019,76,My Type,Saweetie,,1
776,2019,77,Worth It,YK Osiris,,1
777,2019,78,Only Human,Jonas Brothers,,1
778,2019,79,Knockin' Boots,Luke Bryan,,1
779,2019,80,Trip,Ella Mai,,1
780,2019,81,Rumor,Lee Brice,,1
781,2019,82,Swervin,A Boogie wit da Hoodie,6ix9ine,1
782,2019,83,How Do You Sleep?,Sam Smith,,1
783,2019,84,Baby,Lil Baby & DaBaby,,1
784,2019,85,Look What God Gave Her,Thomas Rhett,,1
785,2019,86,Good as You,Kane Brown,,1
786,2019,87,Clout,Offset,Cardi B,1
787,2019,88,Love Lies,Khalid & Normani,,1
788,2019,89,One Thing Right,Marshmello & Kane Brown,,1
789,2019,90,Cash Shit,Megan Thee Stallion,DaBaby,1
790,2019,91,Tequila,Dan + Shay,,1
791,2019,92,Shotta Flow,NLE Choppa,,1
792,2019,93,Hot Girl Summer,Megan Thee Stallion,Nicki Minaj & Ty Dolla Sign,1
793,2019,94,Talk You Out of It,Florida Georgia Line,,1
794,2019,95,Beautiful,Bazzi,Camila Cabello,1
795,2019,96,Eyes on You,Chase Rice,,1
796,2019,97,All to Myself,Dan + Shay,,1
797,2019,98,Boyfriend,Ariana Grande & Social House,,1
798,2019,99,Walk Me Home,Pink,,1
799,2019,100,Robbery,Juice Wrld,,1
800,2020,1,Blinding Lights,The Weeknd,,1
801,2020,2,Circles,Post Malone,,1
802,2020,3,The Box,Roddy Ricch,,1
803,2020,4,Don't Start Now,Dua Lipa,,1
804,2020,5,Rockstar,DaBaby,Roddy Ricch,1
805,2020,6,Adore You,Harry Styles,,1
806,2020,7,Life Is Good,Future,Drake,1
807,2020,8,Memories,Maroon 5,,1
808,2020,9,The Bones,Maren Morris,,1
809,2020,10,Someone You Loved,Lewis Capaldi,,1
810,2020,11,Say So,Doja Cat,,1
811,2020,12,I Hope,Gabby Barrett,Charlie Puth,1
812,2020,13,Whats Poppin,Jack Harlow,DaBaby & Tory Lanez & Lil Wayne,1
813,2020,14,Dance Monkey,Tones and I,,1
814,2020,15,Savage,Megan Thee Stallion,Beyoncé,1
815,2020,16,Roxanne,Arizona Zervas,,1
816,2020,17,Intentions,Justin Bieber,Quavo,1
817,2020,18,Everything I Wanted,Billie Eilish,,1
818,2020,19,Roses (Imanbek remix),Saint Jhn,,1
819,2020,20,Watermelon Sugar,Harry Styles,,1
820,2020,21,Before You Go,Lewis Capaldi,,1
821,2020,22,Falling,Trevor Daniel,,1
822,2020,23,"10,000 Hours",Dan + Shay & Justin Bieber,,1
823,2020,24,WAP,Cardi B,Megan Thee Stallion,1
824,2020,25,Ballin',Mustard & Roddy Ricch,,1
825,2020,26,Hot Girl Bummer,Blackbear,,1
826,2020,27,Blueberry Faygo,Lil Mosey,,1
827,2020,28,Heartless,The Weeknd,,1
828,2020,29,Bop,DaBaby,,1
829,2020,30,Lose You to Love Me,Selena Gomez,,1
830,2020,31,Good as Hell,Lizzo,,1
831,2020,32,Toosie Slide,Drake,,1
832,2020,33,Break My Heart,Dua Lipa,,1
833,2020,34,Chasin' You,Morgan Wallen,,1
834,2020,35,Savage Love (Laxed – Siren Beat),Jawsh 685 & Jason Derulo,,1
835,2020,36,No Guidance,Chris Brown,Drake,1
836,2020,37,My Oh My,Camila Cabello,DaBaby,1
837,2020,38,Dynamite,BTS,,1
838,2020,39,Go Crazy,Chris Brown & Young Thug,,1
839,2020,40,High Fashion,Roddy Ricch,Mustard,1
840,2020,41,Laugh Now Cry Later,Drake,Lil Durk,1
841,2020,42,Woah,Lil Baby,,1
842,2020,43,Death Bed,Powfu,Beabadoobee,1
843,2020,44,Señorita,Shawn Mendes & Camila Cabello,,1
844,2020,45,Highest in the Room,Travis Scott,,1
845,2020,46,Bad Guy,Billie Eilish,,1
846,2020,47,Mood,24kGoldn,Iann Dior,1
847,2020,48,Rain on Me,Lady Gaga & Ariana Grande,,1
848,2020,49,For the Night,Pop Smoke,Lil Baby & DaBaby,1
849,2020,50,Ritmo (Bad Boys for Life),Black Eyed Peas & J Balvin,,1
850,2020,51,Heart on Ice,Rod Wave,,1
851,2020,52,Nobody but You,Blake Shelton & Gwen Stefani,,1
852,2020,53,Trampoline,Shaed,,1
853,2020,54,Come & Go,Juice Wrld & Marshmello,,1
854,2020,55,Truth Hurts,Lizzo,,1
855,2020,56,If the World Was Ending,JP Saxe,Julia Michaels,1
856,2020,57,We Paid,Lil Baby & 42 Dugg,,1
857,2020,58,Yummy,Justin Bieber,,1
858,2020,59,One Man Band,Old Dominion,,1
859,2020,60,Got What I Got,Jason Aldean,,1
860,2020,61,Sunday Best,Surfaces,,1
861,2020,62,Godzilla,Eminem,Juice Wrld,1
862,2020,63,Bandit,Juice Wrld & YoungBoy Never Broke Again,,1
863,2020,64,Party Girl,StaySolidRocky,,1
864,2020,65,Die from a Broken Heart,Maddie & Tae,,1
865,2020,66,Popstar,DJ Khaled,Drake,1
866,2020,67,All I Want for Christmas Is You,Mariah Carey,,1
867,2020,68,One of Them Girls,Lee Brice,,1
868,2020,69,Hard to Forget,Sam Hunt,,1
869,2020,70,One Margarita,Luke Bryan,,1
870,2020,71,Panini,Lil Nas X,,1
871,2020,72,Hot,Young Thug,Gunna,1
872,2020,73,I Hope You're Happy Now,Carly Pearce & Lee Brice,,1
873,2020,74,Emotionally Scarred,Lil Baby,,1
874,2020,75,Suicidal,YNW Melly,Juice Wrld,1
875,2020,76,The Bigger Picture,Lil Baby,,1
876,2020,77,Only Human,Jonas Brothers,,1
877,2020,78,The Woo,Pop Smoke,50 Cent & Roddy Ricch,1
878,2020,79,Sum 2 Prove,Lil Baby,,1
879,2020,80,Stuck with U,Ariana Grande & Justin Bieber,,1
880,2020,81,Mood Swings,Pop Smoke,Lil Tjay,1
881,2020,82,You Should Be Sad,Halsey,,1
882,2020,83,Dior,Pop Smoke,,1
883,2020,84,Supalonely,Benee,Gus Dapperton,1
884,2020,85,Even Though I'm Leaving,Luke Combs,,1
885,2020,86,The Scotts,Travis Scott & Kid Cudi,,1
886,2020,87,Juicy,Doja Cat & Tyga,,1
887,2020,88,Be Like That,Kane Brown & Swae Lee & Khalid,,1
888,2020,89,Homesick,Kane Brown,,1
889,2020,90,Rags2Riches,Rod Wave,ATR Son Son,1
890,2020,91,Bluebird,Miranda Lambert,,1
891,2020,92,Wishing Well,Juice Wrld,,1
892,2020,93,Does to Me,Luke Combs,Eric Church,1
893,2020,94,Pussy Fairy (OTW),Jhené Aiko,,1
894,2020,95,ILY (I Love You Baby),Surf Mesa,Emilee,1
895,2020,96,More Than My Hometown,Morgan Wallen,,1
896,2020,97,Lovin' on You,Luke Combs,,1
897,2020,98,Said Sum,Moneybagg Yo,,1
898,2020,99,Slide,H.E.R.,YG,1
899,2020,100,Walk Em Down,NLE Choppa,Roddy Ricch,1
900,2021,1,Levitating,Dua Lipa,,1
901,2021,2,Save Your Tears,The Weeknd & Ariana Grande,,1
902,2021,3,Blinding Lights,The Weeknd,,1
903,2021,4,Mood,24kGoldn,Iann Dior,1
904,2021,5,Good 4 U,Olivia Rodrigo,,1
905,2021,6,Kiss Me More,Doja Cat,SZA,1
906,2021,7,Leave the Door Open,Silk Sonic & Bruno Mars & Anderson .Paak,,1
907,2021,8,Drivers License,Olivia Rodrigo,,1
908,2021,9,Montero (Call Me by Your Name),Lil Nas X,,1
909,2021,10,Peaches,Justin Bieber,Daniel Caesar & Giveon,1
910,2021,11,Butter,BTS,,1
911,2021,12,Stay,The Kid Laroi & Justin Bieber,,1
912,2021,13,Deja Vu,Olivia Rodrigo,,1
913,2021,14,Positions,Ariana Grande,,1
914,2021,15,Bad Habits,Ed Sheeran,,1
915,2021,16,Heat Waves,Glass Animals,,1
916,2021,17,Without You,The Kid Laroi,,1
917,2021,18,Forever After All,Luke Combs,,1
918,2021,19,Go Crazy,Chris Brown & Young Thug,,1
919,2021,20,Astronaut in the Ocean,Masked Wolf,,1
920,2021,21,34+35,Ariana Grande,Doja Cat & Megan Thee Stallion,1
921,2021,22,What You Know Bout Love,Pop Smoke,,1
922,2021,23,My Ex's Best Friend,Machine Gun Kelly,Blackbear,1
923,2021,24,Industry Baby,Lil Nas X & Jack Harlow,,1
924,2021,25,Therefore I Am,Billie Eilish,,1
925,2021,26,Up,Cardi B,,1
926,2021,27,Fancy Like,Walker Hayes,,1
927,2021,28,Dakiti,Bad Bunny & Jhay Cortez,,1
928,2021,29,Best Friend,Saweetie,Doja Cat,1
929,2021,30,Rapstar,Polo G,,1
930,2021,31,Heartbreak Anniversary,Giveon,,1
931,2021,32,For the Night,Pop Smoke,Lil Baby & DaBaby,1
932,2021,33,Calling My Phone,Lil Tjay & 6lack,,1
933,2021,34,Beautiful Mistakes,Maroon 5,Megan Thee Stallion,1
934,2021,35,Holy,Justin Bieber,Chance the Rapper,1
935,2021,36,On Me,Lil Baby,,1
936,2021,37,You Broke Me First,Tate McRae,,1
937,2021,38,Traitor,Olivia Rodrigo,,1
938,2021,39,Back in Blood,Pooh Shiesty,Lil Durk,1
939,2021,40,I Hope,Gabby Barrett,Charlie Puth,1
940,2021,41,Dynamite,BTS,,1
941,2021,42,Wockesha,Moneybagg Yo,,1
942,2021,43,You Right,Doja Cat & the Weeknd,,1
943,2021,44,Beat Box 2,SpotemGottem & SpotemGottem,SpotemGottem & Pooh Shiesty & SpotemGottem,1
944,2021,45,Laugh Now Cry Later,Drake,Lil Durk,1
945,2021,46,Need to Know,Doja Cat,,1
946,2021,47,Wants and Needs,Drake,Lil Baby,1
947,2021,48,Way 2 Sexy,Drake,Future & Young Thug,1
948,2021,49,Telepatía,Kali Uchis,,1
949,2021,50,Whoopty,CJ,,1
950,2021,51,Lemonade,Internet Money & Gunna,Don Toliver & Nav,1
951,2021,52,Good Days,SZA,,1
952,2021,53,Starting Over,Chris Stapleton,,1
953,2021,54,Body,Megan Thee Stallion,,1
954,2021,55,Willow,Taylor Swift,,1
955,2021,56,Bang!,AJR,,1
956,2021,57,Better Together,Luke Combs,,1
957,2021,58,You're Mines Still,Yung Bleu,Drake,1
958,2021,59,Every Chance I Get,DJ Khaled,Lil Baby & Lil Durk,1
959,2021,60,Essence,Wizkid,Justin Bieber & Tems,1
960,2021,61,Chasing After You,Ryan Hurd & Maren Morris,,1
961,2021,62,The Good Ones,Gabby Barrett,,1
962,2021,63,Leave Before You Love Me,Marshmello & Jonas Brothers,,1
963,2021,64,Glad You Exist,Dan + Shay,,1
964,2021,65,Lonely,Justin Bieber & Benny Blanco,,1
965,2021,66,Beggin',Måneskin,,1
966,2021,67,Streets,Doja Cat,,1
967,2021,68,What's Next,Drake,,1
968,2021,69,Famous Friends,Chris Young & Kane Brown,,1
969,2021,70,Lil Bit,Nelly & Florida Georgia Line,,1
970,2021,71,Thot Shit,Megan Thee Stallion,,1
971,2021,72,Late at Night,Roddy Ricch,,1
972,2021,73,Kings & Queens,Ava Max,,1
973,2021,74,Anyone,Justin Bieber,,1
974,2021,75,Track Star,Mooski,,1
975,2021,76,Time Today,Moneybagg Yo,,1
976,2021,77,Cry Baby,Megan Thee Stallion,DaBaby,1
977,2021,78,All I Want for Christmas Is You,Mariah Carey,,1
978,2021,79,No More Parties,Coi Leray,Lil Durk,1
979,2021,80,What's Your Country Song,Thomas Rhett,,1
980,2021,81,One Too Many,Keith Urban & Pink,,1
981,2021,82,Arcade,Duncan Laurence,,1
982,2021,83,Yonaguni,Bad Bunny,,1
983,2021,84,Good Time,Niko Moon,,1
984,2021,85,If I Didn't Love You,Jason Aldean & Carrie Underwood,,1
985,2021,86,Knife Talk,Drake,21 Savage & Project Pat,1
986,2021,87,POV,Ariana Grande,,1
987,2021,88,Just the Way,Parmalee & Blanco Brown,,1
988,2021,89,Take My Breath,The Weeknd,,1
989,2021,90,We're Good,Dua Lipa,,1
990,2021,91,Hell of a View,Eric Church,,1
991,2021,92,Rockin' Around the Christmas Tree,Brenda Lee,,1
992,2021,93,Put Your Records On,Ritt Momney,,1
993,2021,94,Happier Than Ever,Billie Eilish,,1
994,2021,95,Single Saturday Night,Cole Swindell,,1
995,2021,96,Things a Man Oughta Know,Lainey Wilson,,1
996,2021,97,Throat Baby (Go Baby),BRS Kash,,1
997,2021,98,Tombstone,Rod Wave,,1
998,2021,99,Drinkin' Beer. Talkin' God. Amen.,Chase Rice,Florida Georgia Line,1
999,2021,100,Todo de Ti,Rauw Alejandro,,1
1000,2022,1,Heat Waves,Glass Animals,,1
1001,2022,2,As It Was,Harry Styles,,1
1002,2022,3,Stay,The Kid Laroi & Justin Bieber,,1
1003,2022,4,Easy on Me,Adele,,1
1004,2022,5,Shivers,Ed Sheeran,,1
1005,2022,6,First Class,Jack Harlow,,1
1006,2022,7,Big Energy,Latto,,1
1007,2022,8,Ghost,Justin Bieber,,1
1008,2022,9,Super Gremlin,Kodak Black,,1
1009,2022,10,Cold Heart (Pnau Remix),Elton John & Dua Lipa,,1
1010,2022,11,Wait for U,Future,Drake & Tems,1
1011,2022,12,About Damn Time,Lizzo,,1
1012,2022,13,Bad Habits,Ed Sheeran,,1
1013,2022,14,Thats What I Want,Lil Nas X,,1
1014,2022,15,Enemy,Imagine Dragons & JID,,1
1015,2022,16,Industry Baby,Lil Nas X & Jack Harlow,,1
1016,2022,17,ABCDEFU,Gayle,,1
1017,2022,18,Need to Know,Doja Cat,,1
1018,2022,19,Wasted on You,Morgan Wallen,,1
1019,2022,20,Me Porto Bonito,Bad Bunny & Chencho Corleone,,1
1020,2022,21,Woman,Doja Cat,,1
1021,2022,22,Tití Me Preguntó,Bad Bunny,,1
1022,2022,23,Running Up That Hill (A Deal with God),Kate Bush,,1
1023,2022,24,We Don't Talk About Bruno,Carolina Gaitán & Adassa & Rhenzy Feliz & Diane Guerrero & Stephanie Beatriz & Encanto,,1
1024,2022,25,Late Night Talking,Harry Styles,,1
1025,2022,26,I Like You (A Happier Song),Post Malone,Doja Cat,1
1026,2022,27,You Proof,Morgan Wallen,,1
1027,2022,28,Bad Habit,Steve Lacy,,1
1028,2022,29,Sunroof,Nicky Youre,,1
1029,2022,30,One Right Now,Post Malone & the Weeknd,,1
1030,2022,31,Good 4 U,Olivia Rodrigo,,1
1031,2022,32,Numb Little Bug,Em Beihold,,1
1032,2022,33,Jimmy Cooks,Drake,21 Savage,1
1033,2022,34,'Til You Can't,Cody Johnson,,1
1034,2022,35,Fancy Like,Walker Hayes,,1
1035,2022,36,The Kind of Love We Make,Luke Combs,,1
1036,2022,37,I Ain't Worried,OneRepublic,,1
1037,2022,38,Break My Soul,Beyoncé,,1
1038,2022,39,Something in the Orange,Zach Bryan,,1
1039,2022,40,Save Your Tears,The Weeknd & Ariana Grande,,1
1040,2022,41,Smokin out the Window,Silk Sonic & Bruno Mars & Anderson .Paak,,1
1041,2022,42,Levitating,Dua Lipa,,1
1042,2022,43,In a Minute,Lil Baby,,1
1043,2022,44,Moscow Mule,Bad Bunny,,1
1044,2022,45,You Right,Doja Cat & the Weeknd,,1
1045,2022,46,She Had Me at Heads Carolina,Cole Swindell,,1
1046,2022,47,Vegas,Doja Cat,,1
1047,2022,48,Pushin P,Gunna & Future,Young Thug,1
1048,2022,49,Buy Dirt,Jordan Davis & Luke Bryan,,1
1049,2022,50,I Hate U,SZA,,1
1050,2022,51,Boyfriend,Dove Cameron,,1
1051,2022,52,Glimpse of Us,Joji,,1
1052,2022,53,Surface Pressure,Jessica Darrow,,1
1053,2022,54,Fall in Love,Bailey Zimmerman,,1
1054,2022,55,Love Nwantiti (Ah Ah Ah),CKay,,1
1055,2022,56,Super Freaky Girl,Nicki Minaj,,1
1056,2022,57,Hrs and Hrs,Muni Long,,1
1057,2022,58,Sand in My Boots,Morgan Wallen,,1
1058,2022,59,Mamiii,Becky G & Karol G,,1
1059,2022,60,Knife Talk,Drake,21 Savage & Project Pat,1
1060,2022,61,AA,Walker Hayes,,1
1061,2022,62,Sweetest Pie,Megan Thee Stallion & Dua Lipa,,1
1062,2022,63,Provenza,Karol G,,1
1063,2022,64,Essence,Wizkid,Justin Bieber & Tems,1
1064,2022,65,All I Want for Christmas Is You,Mariah Carey,,1
1065,2022,66,Bam Bam,Camila Cabello,Ed Sheeran,1
1066,2022,67,5 Foot 9,Tyler Hubbard,,1
1067,2022,68,Get Into It (Yuh),Doja Cat,,1
1068,2022,69,Efecto,Bad Bunny,,1
1069,2022,70,Rock and a Hard Place,Bailey Zimmerman,,1
1070,2022,71,Doin' This,Luke Combs,,1
1071,2022,72,Oh My God,Adele,,1
1072,2022,73,Better Days,Neiked & Mae Muller & Polo G,,1
1073,2022,74,Meet Me at Our Spot,The Anxiety & Willow & Tyler Cole,,1
1074,2022,75,Fingers Crossed,Lauren Spencer-Smith,,1
1075,2022,76,All Too Well (Taylor's Version),Taylor Swift,,1
1076,2022,77,Party,Bad Bunny & Rauw Alejandro,,1
1077,2022,78,Después de la Playa,Bad Bunny,,1
1078,2022,79,You Should Probably Leave,Chris Stapleton,,1
1079,2022,80,Rockin' Around the Christmas Tree,Brenda Lee,,1
1080,2022,81,Broadway Girls,Lil Durk,Morgan Wallen,1
1081,2022,82,Take My Name,Parmalee,,1
1082,2022,83,What Happened to Virgil,Lil Durk,Gunna,1
1083,2022,84,Puffin on Zootiez,Future,,1
1084,2022,85,Like I Love Country Music,Kane Brown,,1
1085,2022,86,Jingle Bell Rock,Bobby Helms,,1
1086,2022,87,Ojitos Lindos,Bad Bunny & Bomba Estéreo,,1
1087,2022,88,Trouble with a Heartbreak,Jason Aldean,,1
1088,2022,89,A Holly Jolly Christmas,Burl Ives,,1
1089,2022,90,Kiss Me More,Doja Cat,SZA,1
1090,2022,91,She Likes It,Russell Dickerson,Jake Scott,1
1091,2022,92,Never Say Never,Cole Swindell & Lainey Wilson,,1
1092,2022,93,Damn Strait,Scotty McCreery,,1
1093,2022,94,She's All I Wanna Be,Tate McRae,,1
1094,2022,95,Last Night Lonely,Jon Pardi,,1
1095,2022,96,Flower Shops,Ernest,Morgan Wallen,1
1096,2022,97,To the Moon,Jnr Choi,,1
1097,2022,98,Unholy,Sam Smith & Kim Petras,,1
1098,2022,99,One Mississippi,Kane Brown,,1
1099,2022,100,Circles Around This Town,Maren Morris,,1
1100,2023,1,Last Night,Morgan Wallen,,1
1101,2023,2,Flowers,Miley Cyrus,,1
1102,2023,3,Kill Bill,SZA,,1
1103,2023,4,Anti-Hero,Taylor Swift,,1
1104,2023,5,Creepin',Metro Boomin & the Weeknd & 21 Savage,,1
1105,2023,6,Calm Down,Rema & Selena Gomez,,1
1106,2023,7,Die for You,The Weeknd & Ariana Grande,,1
1107,2023,8,Fast Car,Luke Combs,,1
1108,2023,9,Snooze,SZA,,1
1109,2023,10,I'm Good (Blue),David Guetta & Bebe Rexha,,1
1110,2023,11,Unholy,Sam Smith & Kim Petras,,1
1111,2023,12,You Proof,Morgan Wallen,,1
1112,2023,13,Something in the Orange,Zach Bryan,,1
1113,2023,14,Rich Flex,Drake & 21 Savage,,1
1114,2023,15,As It Was,Harry Styles,,1
1115,2023,16,Rock and a Hard Place,Bailey Zimmerman,,1
1116,2023,17,Under the Influence,Chris Brown,,1
1117,2023,18,Cruel Summer,Taylor Swift,,1
1118,2023,19,Thinkin' Bout Me,Morgan Wallen,,1
1119,2023,20,Boy's a Liar Pt. 2,PinkPantheress & Ice Spice,,1
1120,2023,21,Favorite Song,Toosii,,1
1121,2023,22,Thought You Should Know,Morgan Wallen,,1
1122,2023,23,Thank God,Kane Brown & Katelyn Brown,,1
1123,2023,24,Sure Thing,Miguel,,1
1124,2023,25,All My Life,Lil Durk,J. Cole,1
1125,2023,26,Ella Baila Sola,Eslabon Armado & Peso Pluma,,1
1126,2023,27,Karma,Taylor Swift,Ice Spice,1
1127,2023,28,Just Wanna Rock,Lil Uzi Vert,,1
1128,2023,29,Cuff It,Beyoncé,,1
1129,2023,30,Vampire,Olivia Rodrigo,,1
1130,2023,31,FukUMean,Gunna,,1
1131,2023,32,Lavender Haze,Taylor Swift,,1
1132,2023,33,Players,Coi Leray,,1
1133,2023,34,Need a Favor,Jelly Roll,,1
1134,2023,35,Dance the Night,Dua Lipa,,1
1135,2023,36,Love You Anyway,Luke Combs,,1
1136,2023,37,One Thing at a Time,Morgan Wallen,,1
1137,2023,38,Superhero (Heroes & Villains),Metro Boomin & Future & Chris Brown,,1
1138,2023,39,Bad Habit,Steve Lacy,,1
1139,2023,40,La Bebé,Yng Lvcas & Peso Pluma,,1
1140,2023,41,Golden Hour,Jvke,,1
1141,2023,42,Religiously,Bailey Zimmerman,,1
1142,2023,43,Spin Bout U,Drake & 21 Savage,,1
1143,2023,44,Cupid,Fifty Fifty,,1
1144,2023,45,Search & Rescue,Drake,,1
1145,2023,46,Barbie World,Nicki Minaj & Ice Spice & Aqua,,1
1146,2023,47,Next Thing You Know,Jordan Davis,,1
1147,2023,48,Escapism,Raye,070 Shake,1
1148,2023,49,Un x100to,Grupo Frontera & Bad Bunny,,1
1149,2023,50,Until I Found You,Stephen Sanchez,,1
1150,2023,51,Shirt,SZA,,1
1151,2023,52,Paint the Town Red,Doja Cat,,1
1152,2023,53,Made You Look,Meghan Trainor,,1
1153,2023,54,Wait in the Truck,Hardy,Lainey Wilson,1
1154,2023,55,All I Want for Christmas Is You,Mariah Carey,,1
1155,2023,56,Everything I Love,Morgan Wallen,,1
1156,2023,57,Chemical,Post Malone,,1
1157,2023,58,Heart Like a Truck,Lainey Wilson,,1
1158,2023,59,"Going, Going, Gone",Luke Combs,,1
1159,2023,60,Rockin' Around the Christmas Tree,Brenda Lee,,1
1160,2023,61,Dancin' in the Country,Tyler Hubbard,,1
1161,2023,62,Daylight,David Kushner,,1
1162,2023,63,Lift Me Up,Rihanna,,1
1163,2023,64,Eyes Closed,Ed Sheeran,,1
1164,2023,65,TQG,Karol G & Shakira,,1
1165,2023,66,Try That in a Small Town,Jason Aldean,,1
1166,2023,67,Tennessee Orange,Megan Moroney,,1
1167,2023,68,Jingle Bell Rock,Bobby Helms,,1
1168,2023,69,Princess Diana,Ice Spice & Nicki Minaj,,1
1169,2023,70,Tomorrow 2,GloRilla & Cardi B,,1
1170,2023,71,A Holly Jolly Christmas,Burl Ives,,1
1171,2023,72,Where She Goes,Bad Bunny,,1
1172,2023,73,Bebe Dame,Fuerza Regida & Grupo Frontera,,1
1173,2023,74,I Remember Everything,Zach Bryan,Kacey Musgraves,1
1174,2023,75,I Like You (A Happier Song),Post Malone,Doja Cat,1
1175,2023,76,What It Is (Block Boy),Doechii,Kodak Black,1
1176,2023,77,Nobody Gets Me,SZA,,1
1177,2023,78,Rich Men North of Richmond,Oliver Anthony Music,,1
1178,2023,79,Super Freaky Girl,Nicki Minaj,,1
1179,2023,80,Dial Drunk,Noah Kahan & Post Malone,,1
1180,2023,81,What Was I Made For?,Billie Eilish,,1
1181,2023,82,Seven,Jungkook,Latto,1
1182,2023,83,Wait for U,Future,Drake & Tems,1
1183,2023,84,Last Christmas,Wham!,,1
1184,2023,85,Handle on You,Parker McCollum,,1
1185,2023,86,Por Las Noches,Peso Pluma,,1
1186,2023,87,Memory Lane,Old Dominion,,1
1187,2023,88,Area Codes,Kaliii,,1
1188,2023,89,Bury Me in Georgia,Kane Brown,,1
1189,2023,90,PRC,Peso Pluma & Natanael Cano,,1
1190,2023,91,What My World Spins Around,Jordan Davis,,1
1191,2023,92,Ain't That Some,Morgan Wallen,,1
1192,2023,93,Wild as Her,Corey Kent,,1
1193,2023,94,Peaches & Eggplants,Young Nudy,21 Savage,1
1194,2023,95,I Wrote the Book,Morgan Wallen,,1
1195,2023,96,"Bzrp Music Sessions, Vol. 53",Bizarrap & Shakira,,1
1196,2023,97,Meltdown,Travis Scott,Drake,1
1197,2023,98,Put It on da Floor Again,Latto,Cardi B,1
1198,2023,99,Bloody Mary,Lady Gaga,,1
1199,2023,100,Watermelon Moonshine,Lainey Wilson,,1
1200,2024,1,Lose Control,Teddy Swims,,1
1201,2024,2,A Bar Song (Tipsy),Shaboozey,,1
1202,2024,3,Beautiful Things,Benson Boone,,1
1203,2024,4,I Had Some Help,Post Malone,Morgan Wallen,1
1204,2024,5,Lovin on Me,Jack Harlow,,1
1205,2024,6,Not Like Us,Kendrick Lamar,,1
1206,2024,7,Espresso,Sabrina Carpenter,,1
1207,2024,8,Million Dollar Baby,Tommy Richman,,1
1208,2024,9,I Remember Everything,Zach Bryan,Kacey Musgraves,1
1209,2024,10,Too Sweet,Hozier,,1
1210,2024,11,Stick Season,Noah Kahan,,1
1211,2024,12,Cruel Summer,Taylor Swift,,1
1212,2024,13,Greedy,Tate McRae,,1
1213,2024,14,Like That,Future & Metro Boomin & Kendrick Lamar,,1
1214,2024,15,Birds of a Feather,Billie Eilish,,1
1215,2024,16,Please Please Please,Sabrina Carpenter,,1
1216,2024,17,Agora Hills,Doja Cat,,1
1217,2024,18,"Good Luck, Babe!",Chappell Roan,,1
1218,2024,19,Saturn,SZA,,1
1219,2024,20,Snooze,SZA,,1
1220,2024,21,Paint the Town Red,Doja Cat,,1
1221,2024,22,Fortnight,Taylor Swift,Post Malone,1
1222,2024,23,Fast Car,Luke Combs,,1
1223,2024,24,Water,Tyla,,1
1224,2024,25,Feather,Sabrina Carpenter,,1
1225,2024,26,We Can't Be Friends (Wait for Your Love),Ariana Grande,,1
1226,2024,27,Austin,Dasha,,1
1227,2024,28,Last Night,Morgan Wallen,,1
1228,2024,29,Cowgirls,Morgan Wallen,Ernest,1
1229,2024,30,Pink Skies,Zach Bryan,,1
1230,2024,31,Thinkin' Bout Me,Morgan Wallen,,1
1231,2024,32,Texas Hold 'Em,Beyoncé,,1
1232,2024,33,Is It Over Now?,Taylor Swift,,1
1233,2024,34,Miles on It,Marshmello & Kane Brown,,1
1234,2024,35,I Can Do It with a Broken Heart,Taylor Swift,,1
1235,2024,36,Wild Ones,Jessie Murph & Jelly Roll,,1
1236,2024,37,Ain't No Love in Oklahoma,Luke Combs,,1
1237,2024,38,Carnival,¥$ & Kanye West & Ty Dolla Sign,Rich the Kid & Playboi Carti,1
1238,2024,39,Houdini,Eminem,,1
1239,2024,40,Wanna Be,GloRilla & Megan Thee Stallion,,1
1240,2024,41,Slow It Down,Benson Boone,,1
1241,2024,42,Redrum,21 Savage,,1
1242,2024,43,Houdini,Dua Lipa,,1
1243,2024,44,Yeah Glo!,GloRilla,,1
1244,2024,45,Rich Baby Daddy,Drake,Sexyy Red & SZA,1
1245,2024,46,What Was I Made For?,Billie Eilish,,1
1246,2024,47,End of Beginning,Djo,,1
1247,2024,48,Lunch,Billie Eilish,,1
1248,2024,49,Never Lose Me,Flo Milli,,1
1249,2024,50,Lies Lies Lies,Morgan Wallen,,1
1250,2024,51,Type Shit,Future & Metro Boomin & Travis Scott & Playboi Carti,,1
1251,2024,52,Gata Only,FloyyMenor & Cris MJ,,1
1252,2024,53,Hot to Go!,Chappell Roan,,1
1253,2024,54,All I Want for Christmas Is You,Mariah Carey,,1
1254,2024,55,Get It Sexyy,Sexyy Red,,1
1255,2024,56,Made for Me,Muni Long,,1
1256,2024,57,Vampire,Olivia Rodrigo,,1
1257,2024,58,Whatever She Wants,Bryson Tiller,,1
1258,2024,59,Rockin' Around the Christmas Tree,Brenda Lee,,1
1259,2024,60,Pretty Little Poison,Warren Zeiders,,1
1260,2024,61,First Person Shooter,Drake,J. Cole,1
1261,2024,62,Die with a Smile,Lady Gaga & Bruno Mars,,1
1262,2024,63,I Like the Way You Kiss Me,Artemas,,1
1263,2024,64,Need a Favor,Jelly Roll,,1
1264,2024,65,Save Me,Jelly Roll,Lainey Wilson,1
1265,2024,66,Euphoria,Kendrick Lamar,,1
1266,2024,67,Truck Bed,Hardy,,1
1267,2024,68,Jingle Bell Rock,Bobby Helms,,1
1268,2024,69,Flowers,Miley Cyrus,,1
1269,2024,70,Where the Wild Things Are,Luke Combs,,1
1270,2024,71,Everybody,Nicki Minaj,Lil Uzi Vert,1
1271,2024,72,La Diabla,Xavi,,1
1272,2024,73,Stargazing,Myles Smith,,1
1273,2024,74,Last Christmas,Wham!,,1
1274,2024,75,I Am Not Okay,Jelly Roll,,1
1275,2024,76,Pour Me a Drink,Post Malone,Blake Shelton,1
1276,2024,77,White Horse,Chris Stapleton,,1
1277,2024,78,Lil Boo Thang,Paul Russell,,1
1278,2024,79,Good Good,Usher & Summer Walker & 21 Savage,,1
1279,2024,80,Act II: Date @ 8,4Batz & Drake,,1
1280,2024,81,High Road,Koe Wetzel,Jessie Murph,1
1281,2024,82,Monaco,Bad Bunny,,1
1282,2024,83,IDGAF,Drake,Yeat,1
1283,2024,84,Burn It Down,Parker McCollum,,1
1284,2024,85,FukUMean,Gunna,,1
1285,2024,86,Taste,Sabrina Carpenter,,1
1286,2024,87,Where It Ends,Bailey Zimmerman,,1
1287,2024,88,FTCU,Nicki Minaj,,1
1288,2024,89,Wildflower,Billie Eilish,,1
1289,2024,90,World on Fire,Nate Smith,,1
1290,2024,91,On My Mama,Victoria Monét,,1
1291,2024,92,"Yes, And?",Ariana Grande,,1
1292,2024,93,Exes,Tate McRae,,1
1293,2024,94,A Holly Jolly Christmas,Burl Ives,,1
1294,2024,95,Wind Up Missin' You,Tucker Wetmore,,1
1295,2024,96,Bulletproof,Nate Smith,,1
1296,2024,97,Fe!n,Travis Scott,Playboi Carti,1
1297,2024,98,The Painter,Cody Johnson,,1
1298,2024,99,Down Bad,Taylor Swift,,1
1299,2024,100,Dance the Night,Dua Lipa,,1
