name_lower,artist_lower,spt_id,release_year,billboard_year,is_bb
somebody that i used to know,gotye,4wCmqSrbyCgxEXROQE6vtV,2011,2012,1
call me maybe,carly rae jepsen,3TGRqZ0a2l1LRblBkJoaDx,2012,2012,1
we are young,fun,7a86XRg84qjasly9f6bPSD,2012,2012,1
payphone,maroon 5,4P0osvTXoSYZZC2n8IFH3c,2012,2012,1
lights,ellie goulding,11ozIUBoXAgRTVWelDn4pL,2010,2012,1
glad you came,the wanted,5yDL13y5giogKs2fSNf7sj,2011,2012,1
stronger (what doesn't kill you),kelly clarkson,6D60klaHqbCl9ySc8VcRss,2011,2012,1
we found love,rihanna,6qn9YLKt13AGvpq9jfO8py,2011,2012,1
starships,nicki minaj,1oHNvJVbFkexQc0BpQp7Y4,2011,2012,1
what makes you beautiful,one direction,4cluDES4hQEUhmXj6TXkSo,2012,2012,1
wild ones,flo rida,1NpW5kyvO4XrNJ3rnfcNy3,2012,2012,1
set fire to the rain,adele,73CMRj62VK8nUS4ezD2wvi,2011,2012,1
sexy and i know it,lmfao,0obBFrPYkSoBJbvHfUIhkv,2011,2012,1
some nights,fun,6t6oULCRS6hnI7rm0h5gwl,2012,2012,1
wide awake,katy perry,1rUQmXEy41tXwHIKFECNTa,2012,2012,1
good feeling,flo rida,2LEF1A8DOZ9wRYikWgVlZ8,2012,2012,1
whistle,flo rida,3bC1ahPIYt1btJzSSEyyrF,2012,2012,1
one more night,maroon 5,4XNrMwGx1SqP01sqkGTDmo,2012,2012,1
drive by,train,0KAiuUOrLTIkzkpfpn9jb9,2012,2012,1
the motto,drake,4Kz4RdRCceaA9VgTqBhBfa,2011,2012,1
where have you been,rihanna,5WQQIDU3HRaMyPkob8mpFb,2011,2012,1
everybody talks,neon trees,2iUmqdfGZcHIhS3b9E9EWq,2012,2012,1
take care,drake,124NFj84ppZ5pAxTuVQYCQ,2011,2012,1
titanium,david guetta,0lHAMNU8RGiIObScrsRgmP,2011,2012,1
i won't give up,jason mraz,53QF56cjZA9RTuuMZDrSA6,2012,2012,1
it will rain,bruno mars,0RUGuh2uSNFJpGMSsD1F5C,2011,2012,1
mercy,kanye west,4qikXelSRKvoCqFcHLB2H2,2012,2012,1
boyfriend,justin bieber,3UGIZ8qcrMTwzLbx6Kttqt,2012,2012,1
party rock anthem,lmfao,0IkKz2J93C94Ei4BvDop7P,2011,2012,1
too close,alex clare,4sK96UnGx3NjBaqvfTG2dm,2011,2012,1
part of me,katy perry,6yARPLK0PV4heEyh7pVMGz,2012,2012,1
"young, wild & free",snoop dogg,6YbhspuOar1D9WSSnfe7ds,2011,2012,1
we are never ever getting back together,taylor swift,5YqltLsjdqFtvqE7Nrysvs,2021,2012,1
as long as you love me,justin bieber,75lo8VozcCLRG9WGG674iD,2012,2012,1
turn me on,david guetta,6JOlNkT0QdHeZB0wPbI9IR,2011,2012,1
moves like jagger,maroon 5,7LcfRTgAVTs5pQGEQgUEzN,2010,2012,1
blow me (one last kiss),pink,4k80K0b6KZ2QjAYkXON7q6,2012,2012,1
good time,owl city,1kPpge9JDLpcj15qgrPbYX,2012,2012,1
give your heart a break,demi lovato,3sP3c86WFjOzHHnbhhZcLA,2011,2012,1
niggas in paris,jay-z,1auxYwYrFRqZP7t3s7w4um,2011,2012,1
the one that got away,katy perry,6hkOqJ5mE093AQf2lbZnsG,2010,2012,1
feel so close,calvin harris,1gihuPhrLraKYrJMAEONyc,2012,2012,1
someone like you,adele,1zwMYTA5nlNjZxYrvBB2pV,2011,2012,1
scream,usher,12eMQUn2GzfsfsQLH53M19,2012,2012,1
rack city,tyga,7rPLYmabWMobWhoIqZe6rh,2012,2012,1
domino,jessie j,6MAdEUilV2p9RQUqE5bMAK,2011,2012,1
gangnam style,psy,03UrZgTINDqvnUMbbIMhql,2012,2012,1
international love,pitbull,62zFEHfAYl5kdHYOivj4BC,2011,2012,1
home,phillip phillips,1EAgPzRbK9YmdOESSMUm6P,2012,2012,1
without you,david guetta,1tAutlhI9FwnKn7fVgmd5P,2011,2012,1
ass back home,gym class heroes,3bfqkspKABT4pPicm6wC9F,2011,2012,1
wanted,hunter hayes,0p1BcEcYVO3uk4KDf3gzkY,2011,2012,1
drunk on you,luke bryan,3kv6omImmKEfOVJWjstusF,2011,2012,1
no lie,2 chainz,6j9iyrrmqWlQZ5SD1hSTaq,2012,2012,1
want u back,cher lloyd,6E11E0lT5Zy7yb6iT3y8DN,2012,2012,1
don't wake me up,chris brown,18VfHIPaCo0s6FTi1Fnp6T,2012,2012,1
dance (a$$),big sean,3ZAMtgYJFoHwJjFkhkXqKr,2011,2012,1
springsteen,eric church,05ZACkzW8YbRq3eFgIfSNB,2011,2012,1
brokenhearted,karmin,4urcG6Nfubqsuqy3juMjBi,2012,2012,1
not over you,gavin degraw,6j7hih15xG2cdYwIJnQXsq,2011,2012,1
stereo hearts,gym class heroes,0qOnSQQF0yzuPWsXrQ9paz,2011,2012,1
back in time,pitbull,3eQlGeyuSibgAGPEJugaDW,2012,2012,1
work out,j. cole,2wAJTrFhCnQyNSD3oUgTZO,2011,2012,1
rumour has it,adele,2A73XBDBQgmdXO8VsXPWIs,2011,2012,1
let's go,calvin harris,4wkQmYpAaMe41Rc3sYZ7Vz,2012,2012,1
good girl,carrie underwood,20DfkHC5grnKNJCzZQB6KC,2012,2012,1
pontoon,little big town,2Gy3XMLbBxACZ4tXdFRGr7,2013,2012,1
ho hey,the lumineers,0DwClY2t9YAWHBROMIgrXb,2012,2012,1
paradise,coldplay,6nek1Nin9q48AVZcWs9e9D,2011,2012,1
blown away,carrie underwood,0vFMQi8ZnOM2y8cuReZTZ2,2012,2012,1
rolling in the deep,adele,1c8gk2PeTE04A1pIDH9YMk,2011,2012,1
climax,usher,5pyVqlqThcxI7tPDjHIzPh,2012,2012,1
"work hard, play hard",wiz khalifa,1ms5tNNdPouTtcD2oVF9Oz,2012,2012,1
let me love you (until you learn to love yourself),ne-yo,4kte3OcW800TPvOVgrLLj8,2012,2012,1
pound the alarm,nicki minaj,0LohatbcUXRauoeMlR1jnS,2011,2012,1
come over,kenny chesney,6BCrbWBpb8d6KWmEqZ41tr,2012,2012,1
heart attack,trey songz,25CA8QVJQrh5R05UUCaODM,2012,2012,1
drank in my cup,kirko bangz,3m8CQnnfJJp4eQMWWl3zay,2011,2012,1
birthday cake,rihanna,4EfN6bixdOOgoLYR5C4cWo,2011,2012,1
so good,b.o.b,28GUjBGqZVcAV4PHSYzkj2,2012,2012,1
50 ways to say goodbye,train,2NniAhAtkRACaMeYt48xlD,2012,2012,1
red solo cup,toby keith,4YKAOXyqkKZ5gOZR0AmVMN,2011,2012,1
love you like a love song,selena gomez & the scene,0laYHRpNTS6i8FXdupHkJ4,2011,2012,1
turn up the music,chris brown,1RMRkCn07y2xtBip9DzwmC,2012,2012,1
die young,kesha,7EQGXaVSyEDsCWKmUcfpLk,2012,2012,1
5 o'clock,t-pain,42EMFjvFtOki8MA0JNZqVK,2011,2012,1
a thousand years,christina perri,6lanRgr6wXibZr8KgzXxBl,2011,2012,1
take a little ride,jason aldean,1KZ13No14RifaK2e9ii8da,2012,2012,1
you da one,rihanna,3Yt9lRtS5V4nbJnwcgFgvC,2011,2012,1
we run the night,havana brown,0mtPNQl5vePVwiI9Vykp7L,2011,2012,1
it's time,imagine dragons,6BtmXhTJMM9sBTHeYYASGz,2012,2012,1
cashin' out,cash out,3yMx8KDWzldbPlRcfjeoNO,2014,2012,1
i don't want this night to end,luke bryan,7c1KTn1z8Gw8ouYdcF4qaG,2011,2012,1
diamonds,rihanna,1z9kQ14XBSN0r2v6fx4IdG,2012,2012,1
hard to love,lee brice,6E9V9TRlVOLjenGjHemzEH,2012,2012,1
somethin' 'bout a truck,kip moore,6Ymvlzom4TQeoKqAWsZRD8,2012,2012,1
adorn,miguel,25cUhiAod71TIQSNicOaW3,2012,2012,1
fly over states,jason aldean,0dUsJqLL2gVO9SOQXtgCMd,2010,2012,1
even if it breaks your heart,eli young band,0Nu9WA8kEbBWEsay2s8Q0U,2011,2012,1
burn it down,linkin park,7oVEtyuv9NBmnytsCIsY5I,2012,2012,1
thrift shop,macklemore & ryan lewis,6CjtS2JZH9RkDz5UVInsa9,2012,2013,1
blurred lines,robin thicke,0n4bITAu0Y0nigrz3MFJMb,2013,2013,1
radioactive,imagine dragons,4G8gkOterJn0Ywt6uhqbhp,2012,2013,1
harlem shake,baauer,01XFgRZfZI7oBagNf1Loml,2013,2013,1
can't hold us,macklemore & ryan lewis,22skzmqfdWrjJylampe0kt,2012,2013,1
mirrors,justin timberlake,4rHZZAmHpZrA3iH5zx8frV,2013,2013,1
just give me a reason,pink,1mKXFLRA179hdOWQBwUk9e,2012,2013,1
when i was your man,bruno mars,0nJW01T7XtvILxQgC5J7Wh,2012,2013,1
cruise,florida georgia line,0i5el041vd6nxrGEU8QRxy,2012,2013,1
roar,katy perry,27tNWlhdAryQY04Gb2ZhUI,2013,2013,1
locked out of heaven,bruno mars,3w3y8KPTfNeOKPiqUTakBh,2012,2013,1
stay,rihanna,789CxjEOtO76BVD1A9yJQH,2012,2013,1
get lucky,daft punk,2Foc5Q5nqNiosCNqttzHof,2013,2013,1
royals,lorde,2dLLR6qlu5UJ5gk0dKz0h3,2013,2013,1
i knew you were trouble,taylor swift,6FB3v4YcR57y4tXFcdxI1E,2012,2013,1
we can't stop,miley cyrus,2y4lAQpi5VTNLu2ldeTdUH,2013,2013,1
wrecking ball,miley cyrus,2vwlzO0Qp8kfEtzTsCXfyE,2013,2013,1
wake me up,avicii,0nrRP2bk19rLc0orkWPQk2,2013,2013,1
suit & tie,justin timberlake,6vt0I1cw1YmAIKDJvHVIM5,2013,2013,1
cups (pitch perfect's when i'm gone),anna kendrick,6mH3qVIeOsnQIAho5eWwhH,2015,2013,1
holy grail,jay-z,37jTPJgwCCmIGMPB45jrPV,2013,2013,1
scream & shout,will.i.am,2iJuuzV8P9Yz0VSurttIV5,2013,2013,1
clarity,zedd,60wwxj6Dd9NJlirf84wr2c,2012,2013,1
sail,awolnation,7ueP5u2qkdZbIPN2YA6LR0,2011,2013,1
don't you worry child,swedish house mafia,2V65y3PX4DkRhy1djlxd9p,2012,2013,1
i love it,icona pop,6HZ9VeI5IRFCNQLXhpF4bq,2013,2013,1
safe and sound,capital cities,5JVbvCHX10U2pLa5DEqGav,2013,2013,1
treasure,bruno mars,55h7vJchibLdUkxdlX3fK7,2012,2013,1
the way,ariana grande,06EL94D0TA27Ik0Ke5usbj,2013,2013,1
started from the bottom,drake,5DI9jxTHrEiFAhStG7VA8E,2013,2013,1
come & get it,selena gomez,6LoQHIo74tOzQ8EsLEkhgF,2013,2013,1
"hold on, we're going home",drake,2aSC2xhRxOLiiZZVjhbylH,2013,2013,1
daylight,maroon 5,6TwfdLbaxTKzQi3AgsZNzx,2012,2013,1
feel this moment,pitbull,0Hf4aIJpsN4Os2f0y0VqWl,2012,2013,1
applause,lady gaga,5ka2ajep9OAvU5Sgduhiex,2013,2013,1
love me,lil wayne,2XHzzp1j4IfTNp1FTn7YFg,2013,2013,1
my songs know what you did in the dark (light em up),fall out boy,2E43WFS4rRc09za2r2GmZl,2013,2013,1
fuckin' problems,asap rocky,4X5f3vT8MRuXF68pfjNte5,2013,2013,1
beauty and a beat,justin bieber,6QFCMUUq1T2Vf5sFUXcuQ7,2012,2013,1
same love,macklemore & ryan lewis,01uqI4H13Gsd8Lyl1EYd8H,2012,2013,1
sweet nothing,calvin harris,24LS4lQShWyixJ0ZrJXfJ5,2012,2013,1
summertime sadness,lana del rey,1Ist6PR2BZR3n2z2Y5R6S1,2012,2013,1
power trip,j. cole,2uwnP6tZVVmTovzX5ELooy,2013,2013,1
girl on fire,alicia keys,4esOae7i4rqTbAu9o5Pxco,2012,2013,1
heart attack,demi lovato,1V6gIisPpYqgFeWbMLI0bA,2013,2013,1
love somebody,maroon 5,0HnaqUxvHP5LaWdmWwJpiS,2012,2013,1
i will wait,mumford & sons,3Bclyko7WmwM2oGmKj8sue,2012,2013,1
try,pink,1jF7IL57ayN4Ity3jQqGu0,2012,2013,1
wagon wheel,darius rucker,3xdjjKMcMOFgo1eQrfbogM,2013,2013,1
i need your love,calvin harris,05SBRd4fXgn8FX7bf8BCAE,2012,2013,1
bad,wale,5yhKaacMZGRo4s6evJx9vk,2013,2013,1
boys 'round here,blake shelton,39FwE8edwuyiaa4PrGBkP7,2013,2013,1
"gone, gone, gone",phillip phillips,56sxN1yKg1dgOZXBcAHkJG,2012,2013,1
demons,imagine dragons,3LlAyCYU26dvFZBDUIMb7a,2012,2013,1
counting stars,onerepublic,2tpWsVSb9UEmDRxAl1zhX1,2013,2013,1
i cry,flo rida,4bZd0nRuX8HyjeXAUBczvm,2012,2013,1
little talks,of monsters and men,2ihCaVdNZmnHZWt0fvAM7B,2012,2013,1
the other side,jason derulo,5FljCWR0cys07PQ9277GTz,2013,2013,1
berzerk,eminem,6Xk7PnitV9jCRorWt2LiVZ,2013,2013,1
catch my breath,kelly clarkson,5qxPabNDnJQ551Tf4v6k3j,2012,2013,1
crash my party,luke bryan,6GBUsjHfZuweYf5lQEz6mP,2013,2013,1
pour it up,rihanna,76VtA90NKurNqaQpV126Ue,2012,2013,1
22,taylor swift,3yII7UwgLF6K5zW3xad3MP,2021,2013,1
i want crazy,hunter hayes,4FkgULes13bk2eHrsJg4q9,2011,2013,1
the fox (what does the fox say?),ylvis,5HOpkTTVcmZHnthgyxrIL8,2013,2013,1
best song ever,one direction,5T7ZFtCcOgkpjxcuaeZbw0,2013,2013,1
the a team,ed sheeran,1VdZ0vKfR5jneCmWIUAMxK,2011,2013,1
carry on,fun,7gpy7sfWPNuOKmUNs3XQYE,2012,2013,1
highway don't care,tim mcgraw,4wFUdSCer8bdQsrp1M90sa,2013,2013,1
that's my kind of night,luke bryan,5HGibWoxnkYSkl6mHmAlOE,2013,2013,1
swimming pools (drank),kendrick lamar,6REbwUNlppTfcnV4d4ZoZi,2012,2013,1
sure be cool if you did,blake shelton,5yIiXdLRE85OBiQmCaUenq,2013,2013,1
#beautiful,mariah carey,1ahAuX3F6tDdNRfMdiLsv6,2014,2013,1
troublemaker,olly murs,6s8nHXTJVqFjXE4yVZPDHR,2012,2013,1
body party,ciara,0rFZaQ4crlGAzuCjWCQ2xu,2013,2013,1
hall of fame,the script,1X1DWw2pcNZ8zSub3uhlNz,2012,2013,1
u.o.e.n.o.,rocko,0HFrCOmhCYXlv4NdEwRAuj,2013,2013,1
next to me,emeli sandé,1Xsxp1SEOxuMzjrFZhtw8u,2012,2013,1
mama's broken heart,miranda lambert,2mXsZsJBThTaJXbNcg5QD4,2011,2013,1
it goes like this,thomas rhett,6GsAD8PgHxmEuIPTG8GP3M,2013,2013,1
bugatti,ace hood,08ljt6NCNAgewQaMya1URa,2013,2013,1
downtown,lady antebellum,4kY7rYtE4OQkJNq22OIYRI,2013,2013,1
get your shine on,florida georgia line,6s9ICeczYOfbHHIaSMq9jd,2012,2013,1
#thatpower,will.i.am,01TuObJVd7owWchVRuQbQw,2013,2013,1
brave,sara bareilles,6Uy6K3KdmUdAfelUp0SeXn,2013,2013,1
let her go,passenger,1KxwZYyzWNyZSRyErj2ojT,2012,2013,1
runnin' outta moonlight,randy houser,4vlJejZrcujj0nSCqIBeWn,2013,2013,1
i'm different,2 chainz,6J5sxraPPZ4b0CVOGAgpXj,2012,2013,1
still into you,paramore,1yjY7rpaAQvKwpdUliHx0d,2013,2013,1
happy,pharrell williams,60nZcImufyMA1MKQY3dcCH,2014,2014,1
dark horse,katy perry,4jbmgIyjGoXjY01XxatOx6,2013,2014,1
all of me,john legend,3U4isOIWM3VvDubwSI3y7a,2013,2014,1
fancy,iggy azalea,3oiMJQAWVaxSubJ7b2VUtX,2014,2014,1
talk dirty,jason derulo,6g6A7qNhTfUgOSH7ROOxTD,2013,2014,1
rude,magic!,6RtPijgfPKROxEzTHNRiDp,2014,2014,1
all about that bass,meghan trainor,5jE48hhRu8E6zBDPRSkEq7,2015,2014,1
problem,ariana grande,7vS3Y0IKjde7Xg85LWIEdP,2014,2014,1
stay with me,sam smith,5Nm9ERjJZ5oyfXZTECKmRt,2014,2014,1
timber,pitbull,3cHyrEgdyYRjgJKSOiOtcS,2012,2014,1
pompeii,bastille,3gbBpTdY8lnQwqxNCcf795,2013,2014,1
shake it off,taylor swift,5xTtaWoae3wi06K5WfVUUH,2014,2014,1
am i wrong,nico & vinz,1fidCEsYlaVE3pHwKCvpFZ,2014,2014,1
turn down for what,dj snake & lil jon,67awxiNHNyjMXhVgsHuIrs,2013,2014,1
the monster,eminem,48RrDBpOSSl1aLVCalGl5C,2013,2014,1
say something,a great big world & christina aguilera,6Vc5wAMmXdKIAM7WUoEb7N,2014,2014,1
team,lorde,3G6hD9B2ZHOsgf4WfNu7X1,2013,2014,1
let it go,idina menzel,0qcr5FMsEO85NAQjrlDRKo,2013,2014,1
story of my life,one direction,4nVBt6MZDDP6tRVdQTgxJg,2013,2014,1
chandelier,sia,2s1sdSqGcKxpPr5lCl7jAV,2015,2014,1
black widow,iggy azalea,7pNC5ZIKtwUK0ReSpM3P9f,2014,2014,1
bang bang,jessie j & ariana grande & nicki minaj,0puf9yIluy9W0vpMEUoAnN,2014,2014,1
latch,disclosure,51ODNNDZm21HU7wI7cccRr,2013,2014,1
maps,maroon 5,4gbVRS8gloEluzf0GzDOFc,2014,2014,1
loyal,chris brown,5BrTUo0xP1wKXLJWUaGFtk,2014,2014,1
best day of my life,american authors,5Hroj5K7vLpIG4FNCRIjbP,2014,2014,1
habits (stay high),tove lo,14OxJlLdcHNpgsm4DRwDOB,2014,2014,1
summer,calvin harris,6YUTL4dYpB9xZO5qExPf05,2014,2014,1
boom clap,charli xcx,0Y1MWB026LYxGvhq4EcMiC,2014,2014,1
drunk in love,beyoncé,6jG2YzhxptolDzLHTGLt7S,2014,2014,1
anaconda,nicki minaj,4M7aciOBSbGnh1bN3YbuS0,2014,2014,1
break free,ariana grande,12KUFSHFgT0XCoiSlvdQi4,2014,2014,1
bailando,enrique iglesias,4OywWddjdsFOXXSC4266hg,2014,2014,1
burn,ellie goulding,5lF0pHbsJ0QqyIrLweHJPW,2012,2014,1
wiggle,jason derulo,2sLwPnIP3CUVmIuHranJZU,2013,2014,1
rather be,clean bandit,0am001WwFBVGDGLwRh3ixi,2014,2014,1
don't tell 'em,jeremih,0Dc7J9VPV4eOInoxUiZrsL,2015,2014,1
show me,kid ink,4q6dqyGM25sKFU8nYAGRe4,2014,2014,1
not a bad thing,justin timberlake,3nB82yGjtbQFSU0JLAwLRH,2013,2014,1
ain't it fun,paramore,1j8z4TTjJ1YOdoFEDwJTQa,2013,2014,1
the man,aloe blacc,4e6ZN0EcEqYx74BTC5xQzy,2013,2014,1
this is how we roll,florida georgia line,2TR7A4ulH9R1PNwMyd8o8U,2013,2014,1
classic,mkto,6FE2iI43OZnszFLuLtvvmg,2012,2014,1
a sky full of stars,coldplay,0FDzzruyVECATHXKHFs9eJ,2014,2014,1
don't,ed sheeran,6gTJaPuj8DT8RjuDJyBgzP,2013,2014,1
na na,trey songz,5maiP9UMnTSgoxPX8X3bdz,2014,2014,1
hot boy,bobby shmurda,0rFke7eNFHbGuGJUdRgjB2,2014,2014,1
sing,ed sheeran,6K8qKeWo5MsFED7wCR6Kop,2014,2014,1
my hitta,yg,5G47DlluL671zo0k3OhoSm,2013,2014,1
cool kids,echosmith,13P5rwmk2EsoFRIz9UCeh9,2013,2014,1
hey brother,avicii,4lhqb6JvbHId48OUJGwymk,2013,2014,1
trumpets,jason derulo,5KONnBIQ9LqCxyeSPin26k,2013,2014,1
animals,maroon 5,2bL2gyO6kBdLkNSkxXNh6x,2014,2014,1
burnin' it down,jason aldean,32FcjEWPn4aSRqJ6loL01b,2014,2014,1
play it again,luke bryan,03fT3OHB9KyMtGMt2zwqCT,2013,2014,1
2 on,tinashe,3jVtllWS5CFFWLQng8sKsr,2014,2014,1
dirt,florida georgia line,5CXnIPD6rTjszYYQm6fY2P,2014,2014,1
love runs out,onerepublic,5BJSZocnCeSNeYMj3iVqM7,2014,2014,1
bottoms up,brantley gilbert,0HZUp8fm9fh1Mitqx4CIOr,2014,2014,1
shower,becky g,3DmW6y7wTEYHJZlLo1r6XJ,2014,2014,1
me and my broken heart,rixton,1oew3nFNY3vMacJAsvry0S,2014,2014,1
animals,martin garrix,0A9mHc7oYUoCECqByV8cQR,2013,2014,1
lifestyle,rich gang,7DTlsMOQjGysXHpwwpHuPl,2014,2014,1
american kids,kenny chesney,1dgWTMoHwTUnQhOQ8SR5fV,2014,2014,1
sweater weather,the neighbourhood,2QjOHCTQ1Jl3zawyYOpxh6,2013,2014,1
leave the night on,sam hunt,3wx2kQWPn9p5UppQbNhPAk,2014,2014,1
new flame,chris brown,3fBbfrWZUuWWrMQXFISr7N,2014,2014,1
love never felt so good,michael jackson & justin timberlake,48td6xvpokdYwvbl3JIiXP,2014,2014,1
drunk on a plane,dierks bentley,1soxUgYIZb1qx1c7o1Lc7z,2014,2014,1
birthday,katy perry,2xLOMHjkOK8nzxJ4r6yOKR,2013,2014,1
bartender,lady antebellum,1qFQKFt9fp1LU9QsvFbyPS,2014,2014,1
la la la,naughty boy,36pLU2ywVeBKEF0rrKtmCB,2014,2014,1
do what u want,lady gaga,5XKXMWPACPq51OiqzxenZo,2013,2014,1
can't remember to forget you,shakira,7o1Pm9jpH0wFpN5g793Lnq,2014,2014,1
amnesia,5 seconds of summer,1JCCdiru7fhstOIF4N7WJC,2014,2014,1
no mediocre,t.i.,0SqUFLaRXwufRUsJ0t4dXB,2014,2014,1
come with me now,kongos,2kWowW0k4oFymhkr7LmvzO,2014,2014,1
believe me,lil wayne,6t2eIONH4Sax3R21QWiKNp,2014,2014,1
23,mike will made-it,20FZrLl9zSbO9b3DhaqO6M,2013,2014,1
beachin',jake owen,5dNGORzxFb5z3v7vSAFkTU,2013,2014,1
white walls,macklemore & ryan lewis,1o1Pny4JcE3LdUBeBedbm6,2012,2014,1
she looks so perfect,5 seconds of summer,1gugDOSMREb34Xo0c1PlxM,2014,2014,1
stay the night,zedd,2QtJA4gbwe1AcanB2p21aP,2012,2014,1
partition,beyoncé,5hgnY0mVcVetszbb85qeDg,2014,2014,1
studio,schoolboy q,29gsi1zZrZxdStACmTQB0Z,2014,2014,1
0 to 100 / the catch up,drake,4jtyUzZm9WLc2AdaJ1dso7,2013,2014,1
i don't dance,lee brice,5aj0xPGiEUN3aI2oOYu14S,2014,2014,1
somethin' bad,miranda lambert & carrie underwood,6s9m5J92By7jii22Q2XtY2,2014,2014,1
adore you,miley cyrus,5AnCLGg35ziFOloEnXK4uu,2013,2014,1
uptown funk,mark ronson,32OlwWuMpZ6b0aN2RZOeMS,2015,2015,1
thinking out loud,ed sheeran,1Slwb6dOYkBlWal1PGtnNg,2013,2015,1
see you again,wiz khalifa,2JzZzZUQj3Qff7wapcbKjc,2015,2015,1
trap queen,fetty wap,2d8JP84HNLKhmd6IYOoupQ,2015,2015,1
sugar,maroon 5,2iuZJX9X9P0GKaE93xcPjk,2014,2015,1
shut up and dance,walk the moon,4kbj5MwxO1bq9wjT5g9HaA,2014,2015,1
blank space,taylor swift,1p80LdxRV74UKvL8gnD7ky,2014,2015,1
watch me,silentó,5RIVoVdkDLEygELLCniZFr,2015,2015,1
earned it,the weeknd,4frLb7nWtsz2ymBE6k2GRP,2015,2015,1
the hills,the weeknd,7fBv7CLKzipRk6EC6TWHOB,2015,2015,1
cheerleader,omi,023OVLNzXhX0j7CxswUt6D,2015,2015,1
can't feel my face,the weeknd,22VdIZQfgXJea34mQxlt81,2015,2015,1
love me like you do,ellie goulding,3zHq9ouUJQFQRf3cm1rRLu,2015,2015,1
take me to church,hozier,1CS7Sd1u5tWkstBhpssyjP,2014,2015,1
bad blood,taylor swift,273dCMFseLcVsoSWx59IoE,2014,2015,1
lean on,major lazer & dj snake,01aTsQoKoeXofSTvKuunzv,2015,2015,1
want to want me,jason derulo,7oGZAicScQt96OAW4AruYy,2015,2015,1
where are ü now,skrillex & diplo & jack ü,66hayvUbTotekKU3H4ta1f,2015,2015,1
fight song,rachel platten,37f4ITSlgPX81ad2EvmVQr,2016,2015,1
679,fetty wap,5NQbUaeTEOGdD6hHcre0dZ,2015,2015,1
lips are movin,meghan trainor,3fNaQSMgFrYTkTshRX7J1u,2015,2015,1
worth it,fifth harmony,41Fflg7qHiVOD6dEPvsCzO,2015,2015,1
post to be,omarion,0fgZUSa7D7aVvv3GfO0A1n,2014,2015,1
"honey, i'm good.",andy grammer,4Tt6GiWS2V9sQjZjS2xjp2,2014,2015,1
i'm not the only one,sam smith,7795WJLVKJoAyVoOtCWqXN,2014,2015,1
good for you,selena gomez,578Eooad7oUyn4stovZiPg,2015,2015,1
style,taylor swift,4lIxdJw6W3Fg4vUIYCB0S5,2014,2015,1
hotline bling,drake,0wwPcA6wtMf6HUMpIRdeP7,2016,2015,1
hey mama,david guetta,5b2bu6yyATC1zMXDGScJ2d,2014,2015,1
g.d.f.r.,flo rida,26rdOwwjC2UnweK3xeS58u,2015,2015,1
what do you mean?,justin bieber,4B0JvthVoAAuygILe3n4Bs,2015,2015,1
photograph,ed sheeran,6fxVffaTuwjgEk5h9QyRjy,2013,2015,1
hello,adele,62PaSfnXSMyLshYJrlTuL3,2015,2015,1
stitches,shawn mendes,5jsw9uXEGuKyJzs0boZ1bT,2015,2015,1
talking body,tove lo,2tpfxAXiI52znho4WE3XFA,2014,2015,1
jealous,nick jonas,5NQJnRpJHRaupdegphntQT,2015,2015,1
time of our lives,pitbull & ne-yo,2bJvI42r8EF3wxjOuDav4r,2014,2015,1
locked away,r. city,7x5xYW5W42OGPAdHUyyguy,2015,2015,1
somebody,natalie la rose,7ioiB40H9xKs04QtIso2I3,2014,2015,1
fourfiveseconds,rihanna & kanye west & paul mccartney,78TTtXnFQPzwqlbtbwqN0y,2015,2015,1
centuries,fall out boy,04aAxqtGp5pv12UXAg4pkq,2015,2015,1
my way,fetty wap,1WoOzgvz6CgH4pX6a1RKGp,2015,2015,1
take your time,sam hunt,6DEaND0SHv3sC11xobZLiy,2014,2015,1
i don't fuck with you,big sean,7FYH5AW3bVfZHJIQpq3UOA,2015,2015,1
bitch better have my money,rihanna,0NTMtAO2BV4tnGvw9EgBVq,2015,2015,1
"flex (ooh, ooh, ooh)",rich homie quan,4T0ScSPdQKmGvruK7pavNP,2015,2015,1
nasty freestyle,t-wayne,0PT7nlpo11hYYyfnBgtilT,2015,2015,1
only,nicki minaj,4MRT0dDbhqFKl67WzhUbSw,2014,2015,1
elastic heart,sia,5S9lfZu1YF8xKkgSsqL2Bd,2015,2015,1
cool for the summer,demi lovato,3uwnnTQcHM1rDqSfA4gQNz,2015,2015,1
renegades,x ambassadors,0fYVliAYKHuPmECRs1pbRf,2015,2015,1
i don't mind,usher,7aXuop4Qambx5Oi3ynsKQr,2014,2015,1
love me harder,ariana grande & the weeknd,5J4ZkQpzMUFojo1CtAZYpn,2014,2015,1
wildest dreams,taylor swift,1K39ty6o1sHwwlZwO6a7wK,2023,2015,1
you know you like it,dj snake & alunageorge,57kR5SniQIbsbVoIjjOUDa,2014,2015,1
uma thurman,fall out boy,5PUawWFG1oIS2NwEcyHaCr,2015,2015,1
7/11,beyoncé,02M6vucOvmRfMxTXDUwRXu,2014,2015,1
the heart wants what it wants,selena gomez,6wJwkMo278iWVlWl1XQ4WA,2014,2015,1
girl crush,little big town,11qh54D0PKkBwelpDxxiEU,2014,2015,1
slow motion,trey songz,4NYwy0R3NdvORX2B6OZXBT,2015,2015,1
drag me down,one direction,2K87XMYnUMqLcX3zvtAF4G,2015,2015,1
truffle butter,nicki minaj,7e44z4wOjkllaD8eulUeMd,2014,2015,1
one last time,ariana grande,7xoUc6faLbCqZO6fQEYprd,2014,2015,1
chains,nick jonas,5Eg4TsPcqNbIjd8ADMZosg,2015,2015,1
all eyes on you,meek mill,0hy1SOTEn9ifXTzOwnCwEr,2015,2015,1
no type,rae sremmurd,4scpF6J5uMBvoh6sFB7EL1,2015,2015,1
riptide,vance joy,2uXlHCUbq9OMUwx3hrk06o,2014,2015,1
classic man,jidenna,3G7XYAwtxtoGK7fAm4IlD9,2015,2015,1
ex's & oh's,elle king,70eDxAyAraNTiD6lx2ZEnH,2015,2015,1
dear future husband,meghan trainor,5MEYDJVJMaGAXfddTo0D6J,2015,2015,1
marvin gaye,charlie puth,4LfkoDOt4mhrbo8Ndk37sQ,2015,2015,1
like i'm gonna lose you,meghan trainor,2YlZnw2ikdb837oKMKjBkW,2015,2015,1
the hanging tree,james newton howard,416MsJxvxSKY96DCmbJIRs,2014,2015,1
coco,o.t. genasis,2JI71GHwq2LN8mtq3iCLYo,2014,2015,1
lay me down,sam smith,74sb4Gib0cL3TQeCjYF8vh,2014,2015,1
tuesday,ilovemakonnen,35rSpXB5bk9ega9jsjcRts,2014,2015,1
hit the quan,ilovememphis,4OjuzM3rTWp3q60mEldNSF,2015,2015,1
downtown,macklemore & ryan lewis,5pfJsMwoRYKampPay8amX0,2016,2015,1
house party,sam hunt,1TwLKNsCnhi1HxbIi4bAW0,2014,2015,1
ayo,chris brown & tyga,0k6DnZMLoEUH8NGD5zh2SE,2015,2015,1
kick the dust up,luke bryan,5g15o2Sm55Hn9ShK5yEXgp,2015,2015,1
blessings,big sean,1bzM1cd6oqFozdr4wK6HdR,2015,2015,1
budapest,george ezra,2ixsaeFioXJmMgkkbd4uj1,2014,2015,1
heartbeat song,kelly clarkson,7FC9Lng8iXU081lbigu8m8,2015,2015,1
ghost,ella henderson,4z7gh3aIZV9arbL9jJSc5J,2015,2015,1
here,alessia cara,5zUQZjVB6bfewBXWqsP9PY,2015,2015,1
waves,mr probz,1HFfMOxCAT4GAwaPfCdmUs,2014,2015,1
el perdón,nicky jam & enrique iglesias,7qCAVkHWZkF44OzOUKf8Cr,2017,2015,1
she knows,ne-yo,7seTcUFOhn5caSDbiSfsp0,2015,2015,1
night changes,one direction,5O2P9iiztwhomNh8xkR9lJ,2014,2015,1
back to back,drake,5lFDtgWsjRJu8fPOAyJIAK,2015,2015,1
how deep is your love,calvin harris & disciples,22mek4IiqubGD9ctzxc69s,2015,2015,1
love yourself,justin bieber,50kpGaPAhYJ3sGmk6vplg0,2015,2016,1
sorry,justin bieber,09CtPGIpYB4BrO8qb1RGsF,2015,2016,1
one dance,drake,1zi7xx7UVEFkmKfv06H8x0,2016,2016,1
work,rihanna,72TFWvU3wUYdUuxejTTIzt,2016,2016,1
stressed out,twenty one pilots,3CRDbSIZ4r5MsZ0YwxuEkn,2015,2016,1
panda,desiigner,5YEOzOojehCqxGQCcQiyR4,2016,2016,1
don't let me down,the chainsmokers,1i1fxkWeaMmKEB4T7zqbzK,2016,2016,1
can't stop the feeling!,justin timberlake,1WkMMavIMc4JZ8cfMmxHkI,2016,2016,1
closer,the chainsmokers,7BKLCZ1jbUBVqRi2FVlTVw,2016,2016,1
cheap thrills,sia,3S4px9f4lceWdKf0gWciFu,2016,2016,1
7 years,lukas graham,5kqIPrATaCc2LqxVWzQGbk,2016,2016,1
needed me,rihanna,4pAl7FkDMNBsjykPXo91B3,2016,2016,1
my house,flo rida,6Knv6wdA0luoMUuuoYi2i1,2015,2016,1
i took a pill in ibiza,mike posner,0vbtURX4qv1l7besfwmnD8,2016,2016,1
work from home,fifth harmony,4tCtwWceOPWzenK2HAIJSb,2016,2016,1
this is what you came for,calvin harris,2vlDrKpOC0eSTqTDRcbYyw,2024,2016,1
cake by the ocean,dnce,76hfruVvmfQbw0eYn1nmeC,2016,2016,1
"me, myself & i",g-eazy & bebe rexha,40YcuQysJ0KlGQTeGUosTC,2015,2016,1
ride,twenty one pilots,2Z8WuEywRWYTKe1NybPQEW,2015,2016,1
heathens,twenty one pilots,6i0V12jOa3mr6uu4WYhUBr,2016,2016,1
pillowtalk,zayn,0PDUDa38GO8lMxLCRc4lL1,2016,2016,1
cold water,major lazer,7zsXy7vlHdItvUSH8EwQss,2016,2016,1
send my love (to your new lover),adele,0t7fVeEJxO2Xi4H2K5Svc9,2015,2016,1
roses,the chainsmokers,3vv9phIu6Y1vX3jcqaGz5Z,2015,2016,1
treat you better,shawn mendes,3QGsuHI8jO1Rx4JWLUh9jd,2017,2016,1
too good,drake,3BtuIIrQlkujKPuWF2B85z,2016,2016,1
low life,future,7EiZI6JVHllARrX9PUvAdX,2016,2016,1
just like fire,p!nk,7K5dzhGda2vRTaAWYI3hrb,2016,2016,1
broccoli,dram,0qy5D3OJre7SPJNMOL9I71,2016,2016,1
don't,bryson tiller,3pXF1nA74528Edde4of9CC,2015,2016,1
dangerous woman,ariana grande,6RUhbFEhrvGISaQ8u2j2JN,2016,2016,1
jumpman,drake & future,27GmP9AWRs744SzKcpJsTZ,2015,2016,1
"i hate u, i love u",gnash,7vRriwrloYVaoAe3a9wJHe,2016,2016,1
same old love,selena gomez,1BZG99C7Co1r6QUC3zaS59,2015,2016,1
controlla,drake,3O8NlPh2LByMU9lSRSHedm,2016,2016,1
one call away,charlie puth,5MwIGPDKeDb7SpblcaQP6O,2015,2016,1
let it go,james bay,2xsAm4w9P3kSF1DophKAiF,2014,2016,1
no,meghan trainor,0l0CvurVUrr2w3Jj1hOVFc,2017,2016,1
never forget you,zara larsson & mnek,6hmhG1b4LEyNuashVvuIAo,2017,2016,1
let me love you,dj snake,0lYBSQXN6rCTvUZvg9S0lU,2016,2016,1
don't mind,kent jones,27PmvZoffODNFW2p7ehZTQ,2016,2016,1
h.o.l.y.,florida georgia line,0BCy325UZyR9z0t0uxwn2N,2016,2016,1
we don't talk anymore,charlie puth,54PbBpquVfhfrwRwvjSXbI,2015,2016,1
into you,ariana grande,63y6xWR4gXz7bnUGOk8iI6,2016,2016,1
gold,kiiara,7yNX3ZFBWZoR52pbeU4Mcl,2020,2016,1
exchange,bryson tiller,43PuMrRfbyyuz4QpZ3oAwN,2015,2016,1
oui,jeremih,0PJIbOdMs3bd5AT8liULMQ,2015,2016,1
hands to myself,selena gomez,1LoriJC05IrHIDwj3q0KC1,2015,2016,1
2 phones,kevin gates,0wdKiSBUT7aZkXUIdJWcwC,2016,2016,1
starboy,the weeknd,7MXVkk9YMctZqd1Srtv4MB,2016,2016,1
for free,dj khaled,5TqBAOIBe0bQA0spNdcG3k,2016,2016,1
never be like you,flume,14gdERIqymApVn9vcsbmZ3,2016,2016,1
in the night,the weeknd,25KybV9BOUlvcnv7nN3Pyo,2015,2016,1
me too,meghan trainor,3KwwE4sgCzMaKWq6QBebmX,2017,2016,1
die a happy man,thomas rhett,5kNe7PE09d6Kvw5pAsx23n,2015,2016,1
white iverson,post malone,6eT7xZZlB2mwyzJ2sUKG6w,2016,2016,1
close,nick jonas,3lSDIJ2abCrOdDJ6pshUap,2016,2016,1
unsteady,x ambassadors,7lGKEWMXVWWTt3X71Bv44I,2015,2016,1
sucker for pain,lil wayne & wiz khalifa & imagine dragons & logic & ty dolla sign,4dASQiO1Eoo3RJvt74FtXB,2016,2016,1
down in the dm,yo gotti,5w1vhNA2OEWUQ371QzyMmM,2016,2016,1
luv,tory lanez,16Ah4QqH4mgYVXqfC4mdSd,2016,2016,1
sorry,beyoncé,0lnIJmgcUpEpe4AZACjayW,2016,2016,1
hymn for the weekend,coldplay,3RiPr603aXAoi4GHyXx0uy,2015,2016,1
say it,tory lanez,2Gyc6e2cLxA5hoX1NOvYnU,2016,2016,1
antidote,travis scott,1wHZx0LgzFHyeIZkUydNXq,2015,2016,1
lost boy,ruth b,0zMzyHAeMvwq5CRstru1Fp,2017,2016,1
side to side,ariana grande,43bCmCI0nSgcT7QdMXY6LV,2016,2016,1
"sit still, look pretty",daya,6w2rrJsn8Qpa7veSaVAyKh,2016,2016,1
middle,dj snake,0g5EKLgdKvNlln7TNqBByK,2016,2016,1
on my mind,ellie goulding,5a7NdkF09AfD0H607eiOkX,2015,2016,1
pop style,drake,5mPSyjLatqB00IkPqRlbTE,2016,2016,1
when we were young,adele,7GgWAITsYJaRM3r50rfh5w,2015,2016,1
hide away,daya,3WALaE7UdNXx8VJ4lpWCK8,2016,2016,1
i know what you did last summer,shawn mendes & camila cabello,2GyA33q5rti5IxkMQemRDH,2015,2016,1
all the way up,fat joe & remy ma,7Ezwtgfw7khBrpvaNPtMoT,2017,2016,1
back to sleep,chris brown,6dlpABcXrQKRU9G00i6Zba,2015,2016,1
no limit,usher,1CDBn2Lm7E63XKQDsdCq6O,2016,2016,1
cut it,o.t. genasis,376KnY4TrgBITxjlnbnmIy,2015,2016,1
really really,kevin gates,10I3CmmwT0BkOVhduDy53o,2016,2016,1
all in my head (flex),fifth harmony,7nD9nN3jord9wWcfW3Gkcm,2016,2016,1
starving,hailee steinfeld & grey,4Ce37cRWvM1vIGGynKcs22,2016,2016,1
adventure of a lifetime,coldplay,69uxyAqqPIsUyTO8txoP2M,2015,2016,1
humble and kind,tim mcgraw,4Pn0JlCUusD2QHjADuOzuV,2015,2016,1
wicked,future,6BbINUfGabVyiNFJpQXn3x,2016,2016,1
tiimmy turner,desiigner,3NJG6vMH1ZsectZkocMEm0,2016,2016,1
perfect,one direction,3NLnwwAQbbFKcEcV8hDItk,2015,2016,1
shape of you,ed sheeran,7qiZfU4dY1lWllzX7mPBI3,2017,2017,1
despacito (remix),luis fonsi & daddy yankee,6rPO02ozF3bM7NnOV4h6s2,2017,2017,1
that's what i like,bruno mars,0KKkJNfGyhkQ5aFogxQAPU,2016,2017,1
humble,kendrick lamar,7KXjTSCq5nL1LoYtL7XAwS,2017,2017,1
something just like this,the chainsmokers & coldplay,6RUKPb4LETWmmr3iAEQktW,2017,2017,1
bad and boujee,migos,0M9ydKzuF3oZTfYYPfaGX1,2017,2017,1
body like a back road,sam hunt,7FpBQ067pHB67deawpbbcY,2020,2017,1
believer,imagine dragons,0pqnGHJpmpxLKifKRmU6WP,2017,2017,1
congratulations,post malone,3a1lNhkSLSkpJE4MSHpDu9,2016,2017,1
say you won't let go,james arthur,5uCax9HTNlzGybIStD3vDh,2016,2017,1
i'm the one,dj khaled,608a1wIsSd5KzMEqm1O7w3,2011,2017,1
xo tour llif3,lil uzi vert,7GX5flRQZVHRAGd6B4TmDO,2017,2017,1
mask off,future,0VgkVdmE4gld66l8iyGjgx,2017,2017,1
unforgettable,french montana,3B54sVLJ402zGa6Xm4YGNe,2017,2017,1
24k magic,bruno mars,6b8Be6ljOzmkOmFslEb23P,2016,2017,1
stay,zedd & alessia cara,6uBhi9gBXWjanegOb2Phh0,2017,2017,1
wild thoughts,dj khaled,45XhKYRRkyeqoW3teSOkCM,2017,2017,1
black beatles,rae sremmurd,6fujklziTHa8uoM5OQSfIo,2016,2017,1
location,khalid,152lZdxL1OR0ZMW6KquMif,2017,2017,1
attention,charlie puth,5cF0dROlMOK5uNZtivgu50,2018,2017,1
there's nothing holdin' me back,shawn mendes,7JJmb5XwzOO8jgpou264Ml,2017,2017,1
bodak yellow,cardi b,6KBYefIoo7KydImq1uUQlL,2018,2017,1
redbone,childish gambino,3vQ4T78TTMOjQXGfXVKQJo,2016,2017,1
i don't wanna live forever,zayn & taylor swift,55n9yjI6qqXh5F2mYvUc2y,2017,2017,1
it ain't me,kygo & selena gomez,12GEpg2XOPyqk03JZEZnJs,2017,2017,1
ispy,kyle,2EEeOnHehOozLq4aS0n6SL,2016,2017,1
issues,julia michaels,7vu0JkJh0ldukEYbTVcqd0,2017,2017,1
scars to your beautiful,alessia cara,0wI7QkCcs8FUQE1OkXUIqd,2015,2017,1
1-800-273-8255,logic,5tz69p7tJuGPeMGwNTxYuV,2017,2017,1
slow hands,niall horan,2cOUlop2ZakjOKe4WinesN,2017,2017,1
love on the brain,rihanna,5oO3drDxtziYU2H1X23ZIp,2016,2017,1
i feel it coming,the weeknd,5GXAXm5YOmYT0kL5jHvYBt,2016,2017,1
bounce back,big sean,0SGkqnVQo9KPytSri1H6cF,2017,2017,1
strip that down,liam payne,29JrmE89KgRyCxBIzq2Ocw,2019,2017,1
fake love,drake,343YBumqHu19cGoGARUTsd,2017,2017,1
don't wanna know,maroon 5,1nueTG77MzNkJTKQ0ZdGzT,2018,2017,1
look what you made me do,taylor swift,1P17dC1amhFzptugyAO7Il,2017,2017,1
castle on the hill,ed sheeran,6PCUP3dWmTjcTtXY02oFdT,2017,2017,1
bad things,machine gun kelly & camila cabello,1PSBzsahR2AKwLJgx8ehBj,2017,2017,1
paris,the chainsmokers,72jbDTw1piOOj770jWNeaG,2017,2017,1
rockabye,clean bandit,2hrUO4drrO63i7FYbCLBl2,2018,2017,1
feel it still,portugal. the man,6QgjcU0zLnzq5OrUoSZ3OK,2017,2017,1
sorry not sorry,demi lovato,0yvPEnB032fojLfVluFjUv,2017,2017,1
bank account,21 savage,5eqK0tbzUPo2SoeZsov04s,2017,2017,1
mi gente,j balvin & willy william,7COfe3P7KgfwDwIRB8LIDw,2018,2017,1
thunder,imagine dragons,1zB4vmk8tFRmM9UULNzbLB,2017,2017,1
t-shirt,migos,1rkfJLgTlB6XYNjgZ0sVaK,2017,2017,1
rake it up,yo gotti,4knL4iPxPOZjQzTUlELGSY,2017,2017,1
mercy,shawn mendes,0AS63m1wHv9n4VVRizK6Hc,2017,2017,1
tunnel vision,kodak black,4Q3N4Ct4zCuIHuZ65E3BD4,2017,2017,1
rockstar,post malone,0e7ipj03S05BNilyu5bRzt,2018,2017,1
in case you didn't know,brett young,10M2Ex445zw585Ducldzkw,2017,2017,1
now or never,halsey,126oeltvIg79HHP4yAi4rq,2017,2017,1
caroline,aminé,5hTpBe8h35rJ67eAWHQsJx,2017,2017,1
rolex,ayo & teo,0pSBuHjILhNEo55xK1zrRt,2017,2017,1
dna,kendrick lamar,6HZILIRieu8S0iqY8kIKhj,2017,2017,1
juju on that beat (tz anthem),zay hilfigerrr & zayion mccall,1lItf5ZXJc1by9SbPeljFd,2016,2017,1
swang,rae sremmurd,6mapJIPnQ23RTAevUoE0DL,2016,2017,1
passionfruit,drake,5mCPDVBb16L4XQwDdbRUpz,2017,2017,1
loyalty,kendrick lamar,6SwRhMLwNqEi6alNPVG00n,2017,2017,1
praying,kesha,0jdny0dhgjUwoIp5GkqEaA,2017,2017,1
goosebumps,travis scott,6gBFPUFcJLzWGx4lenP6h2,2016,2017,1
cold,maroon 5,7gwLQ4tZ5UdZ7qNcDyJ8wr,2018,2017,1
slide,calvin harris,7tr2za8SQg2CI8EDgrdtNl,2017,2017,1
what ifs,kane brown,7zVCrzzEJU7u24sbJPXA5W,2016,2017,1
chained to the rhythm,katy perry,7qvxFz3JodM0A7xEM7k3YD,2017,2017,1
feels,calvin harris,5bcTCxgc7xVfSaMV3RuVke,2017,2017,1
all time low,jon bellion,0SuLAslEMFZAXf0SwY7syi,2016,2017,1
hurricane,luke combs,6xHI9KjUjYT0FPtGO8Mxa1,2017,2017,1
too good at goodbyes,sam smith,1mXVgsBdtIVeCLJnSnmtdV,2017,2017,1
young dumb & broke,khalid,5Z3GHaZ6ec9bsiI5BenrbY,2017,2017,1
magnolia,playboi carti,1e1JKLEDKP7hEQzJfNAgPl,2017,2017,1
love galore,sza,0q75NwOoFiARAVp4EXU4Bs,2017,2017,1
drowning,a boogie wit da hoodie,1f5cbQtDrykjarZVrShaDI,2017,2017,1
both,gucci mane,5tFep7dXGd7vEJ668wTPux,2016,2017,1
what about us,p!nk,0Qh38w01QRXK6KHIv0e3hb,2017,2017,1
swalla,jason derulo,58w5J5yNWeGZ7a4cM1rO7Y,2024,2017,1
slippery,migos,0TBgMKD86t1VP3IzhxCoUl,2017,2017,1
sign of the times,harry styles,5Ohxk2dO5COHF1krpoPigN,2017,2017,1
water under the bridge,adele,4jL6WWKFDqCOPo2hC3VhSS,2015,2017,1
malibu,miley cyrus,1UZOjK1BwmwWU14Erba9CZ,2017,2017,1
down,marian hill,5eCkuGPZNl4mISFNPgr3Dd,2016,2017,1
no promises,cheat codes,5lNuqFVMca4vPupY10cH0J,2017,2017,1
i get the bag,gucci mane,1XRgIKC5TPwo7nWGyKqgG0,2017,2017,1
small town boy,dustin lynch,7mS200vKsSSVgrbMxWza54,2017,2017,1
everyday we lit,yfn lucci,3J8Q6aBhjpvao8BsBQ6H9Y,2017,2017,1
havana,camila cabello,1rfofaqEpACxVEHIZBJe6W,2018,2017,1
what lovers do,maroon 5,2j5hsQvApottzvTn4pFJWF,2018,2017,1
do re mi,blackbear,6Se3x9ANMLv0dCDsjGmEjh,2017,2017,1
look at me!,xxxtentacion,7floNISpH8VF4z4459Qo18,2017,2017,1
the fighter,keith urban,5OUSPcqhYTOzpbXzoEvKim,2016,2017,1
god's plan,drake,6DCZcSspjsKoFjzjrWoCdn,2018,2018,1
perfect,ed sheeran,0tgVpDi06FyKpA1z0VMD4v,2017,2018,1
meant to be,bebe rexha,4e4fqjx0Izh4svvTef1z7e,2018,2018,1
psycho,post malone,3swc6WTsr7rl9DqQKQA55C,2018,2018,1
i like it,cardi b & bad bunny & j balvin,58q2HKrzhC3ozto2nDdN4z,2018,2018,1
the middle,zedd & maren morris & grey,09IStsImFySgyp0pIQdqAc,2018,2018,1
in my feelings,drake,2G7V7zsVDxg1yRsu7Ew9RJ,2018,2018,1
girls like you,maroon 5,6V1bu6o1Yo5ZXnsCJU8Ovk,2018,2018,1
nice for what,drake,3CA9pLiwRIGtUBiMjbZmRw,2018,2018,1
lucid dreams,juice wrld,285pBltuF7vW8TeWk8hdRR,2018,2018,1
better now,post malone,7dt6x5M1jzdTEt8oCbisTK,2018,2018,1
finesse,bruno mars,3Vo4wInECJQuz9BIBMOu8i,2017,2018,1
boo'd up,ella mai,0At2qAoaVjIwWNAqrscXli,2017,2018,1
new rules,dua lipa,2ekn2ttSfGqwhhate0LSR0,2017,2018,1
sad!,xxxtentacion,3ee8Jmje8o58CHK66QrVC2,2018,2018,1
never be the same,camila cabello,4eWQlBRaTjPPUlzacqEeoQ,2018,2018,1
love lies,khalid & normani,45Egmo7icyopuzJN0oMEdk,2018,2018,1
no tears left to cry,ariana grande,2qT1uLXPVPzGgFOx4jtEuo,2018,2018,1
mine,bazzi,7uzmGiiJyRfuViKKK3lVmR,2018,2018,1
look alive,blocboy jb,6HJ34Zyw6bg8yGm28AxLXf,2018,2018,1
delicate,taylor swift,6NFyWDv5CjfwuzoCkw47Xf,2017,2018,1
yes indeed,lil baby & drake,6vN77lE9LK6HP2DewaN6HZ,2018,2018,1
friends,marshmello & anne-marie,1wIyr1y5wiWqo7nqbxHpWt,2018,2018,1
bad at love,halsey,3OzCF9i6Ey7EkkAYJztmKp,2017,2018,1
taste,tyga,2toVe5hfuIi97ytDPDbQFt,2019,2018,1
let you down,nf,52okn5MNA47tk87PeZJLEL,2017,2018,1
no limit,g-eazy,2DQ1ITjI0YoLFzuADN1ZBW,2017,2018,1
fefe,6ix9ine,43VXG87ajppI8mO1Mxo8vu,2018,2018,1
tequila,dan + shay,42fw0rxRO2xbesF6mJfd4Y,2018,2018,1
motorsport,migos & nicki minaj & cardi b,4wFjTWCunQFKtukqrNijEt,2018,2018,1
i like me better,lauv,4MagTPnkPiDuIa4P8GtW1b,2018,2018,1
youngblood,5 seconds of summer,2iUXsYOEPhVqEBwsqP70rE,2018,2018,1
whatever it takes,imagine dragons,6Qn5zhYkTa37e91HC1D7lb,2017,2018,1
ric flair drip,offset & metro boomin,7sO5G9EABYOXQKNPNiE9NR,2017,2018,1
i fall apart,post malone,75ZvA4QfFiZvzhj2xkaWAh,2016,2018,1
pray for me,the weeknd & kendrick lamar,6huNf4dutXRjJyGn7f5BPS,2021,2018,1
back to you,selena gomez,4hQ6UGyWQIGJmHSo0J88JW,2018,2018,1
sicko mode,travis scott,2xLMifQCjDGFmkHkpNLD9h,2018,2018,1
walk it talk it,migos,6n4U3TlzUGhdSFbUUhTvLP,2018,2018,1
gucci gang,lil pump,43ZyHQITOjhciSUUNPVRHc,2017,2018,1
him & i,g-eazy & halsey,5k38wzpLb15YgncyWdTZE4,2017,2018,1
in my blood,shawn mendes,2QZ7WLBE8h2y1Y5Fb8RYbH,2018,2018,1
all the stars,kendrick lamar & sza,3GCdLUSnKSMJhs4Tj6CV3s,2018,2018,1
stir fry,migos,2UVbBKQOdFAekPTRsnkzcf,2018,2018,1
love,kendrick lamar,6PGoSes0D9eUDeeAafB2As,2017,2018,1
this is america,childish gambino,0b9oOr2ZgvyQu88wzixux9,2018,2018,1
nonstop,drake,0TlLq3lA83rQOYtrqBqSct,2018,2018,1
heaven,kane brown,1HXy5I3HTWq8OvxCn0z7G7,2017,2018,1
freaky friday,lil dicky,6dbSBQXCctYSVryynHXaZ4,2018,2018,1
gummo,6ix9ine,2HBtd9MYDd2xDVu8Zc6pwt,2018,2018,1
plug walk,rich the kid,1ZAyjvIk9YiD76yYy0TEG6,2018,2018,1
wait,maroon 5,6AvfZXpbb6r35DfF7gHPRq,2018,2018,1
be careful,cardi b,2Yl4OmDby9iitgNWZPwxkd,2018,2018,1
wolves,selena gomez & marshmello,0tBbt8CrmxbjRP0pueQkyU,2017,2018,1
bartier cardi,cardi b,0dIoGTQXDh1wVnhIiSyYEa,2018,2018,1
god is a woman,ariana grande,5OCJzvD7sykQEKHH7qAC3C,2018,2018,1
big bank,yg,0ZNrc4kNeQYD9koZ3KvCsy,2018,2018,1
how long,charlie puth,6wmAHw1szh5RCKSRjiXhPe,2018,2018,1
lights down low,max,5A6BJLZArq1MPjsnmcuk5f,2016,2018,1
one kiss,calvin harris & dua lipa,7ef4DlsgrMEH11cDZd32M6,2018,2018,1
natural,imagine dragons,2FY7b99s15jUprqC0M5NCT,2018,2018,1
you make it easy,jason aldean,2TXtN9MoV308Y0z1HvyTfV,2018,2018,1
no brainer,dj khaled,5WvAo7DNuPRmk4APhdPzi8,2018,2018,1
plain jane,asap ferg,4dVpf9jZjcORqGTLUaeYj9,2017,2018,1
sky walker,miguel,5WoaF1B5XIEnWfmb5NZikf,2017,2018,1
marry me,thomas rhett,0OWZFobGSIW9GrSlQ9C5pc,2017,2018,1
eastside,benny blanco & halsey & khalid,7FGq80cy8juXBCD2nrqdWU,2018,2018,1
call out my name,the weeknd,09mEdoA6zrmBPgTEN5qXmN,2018,2018,1
king's dead,jay rock & kendrick lamar & future & james blake,51rXHuKN8Loc4sUlKPODgH,2018,2018,1
happier,marshmello & bastille,7BqHUALzNBTanL6OvsqmC1,2018,2018,1
te boté,darell,3V8UKqhEK5zBkBb6d6ub8i,2018,2018,1
simple,florida georgia line,4L9Ds4mpD3SuYoWwFUlv16,2019,2018,1
lemon,n.e.r.d & rihanna,4PpuH4mxL0rD35mOWaLoKS,2017,2018,1
say something,justin timberlake,1LhMopPAallLeaeNutqbgS,2018,2018,1
i'm upset,drake,3qN5qMTKyEEmiTZD38BNTT,2018,2018,1
get along,kenny chesney,6n6OQfBpCgzF9oEg8zhBN7,2018,2018,1
moonlight,xxxtentacion,0JP9xo3adEtGSdUEISiszL,2018,2018,1
x,nicky jam & j balvin,6JjPBQfI2Y8nIjnm65X6Pw,2018,2018,1
outside today,youngboy never broke again,3sA7HKGzcKTVscdiTCrWpX,2018,2018,1
trip,ella mai,6CTWathupIiDs7U4InHnDA,2018,2018,1
dura,daddy yankee,6KuqAtoeVzxAYOaMveLNpH,2018,2018,1
changes,xxxtentacion,7AFASza1mXqntmGtbxXprO,2018,2018,1
mercy,brett young,2VIPU72L6tIR4w8J8ap6Kp,2017,2018,1
one number away,luke combs,4gB7HrYHbJVJ5RFOjxmoq4,2017,2018,1
powerglide,rae sremmurd,1BuZAIO8WZpavWVbbq3Lci,2018,2018,1
idgaf,dua lipa,76cy1WJvNGJTj78UqeA5zr,2017,2018,1
old town road,lil nas x,2YpeDb67231RjR0MgVLzsG,2019,2019,1
sunflower,post malone & swae lee,0RiRZpuVRbi7oqRdSMwhQY,2019,2019,1
without me,halsey,6FZDfxM3a3UCqtzo5pxSLZ,2020,2019,1
bad guy,billie eilish,2Fxmhks0bxGSBdJ92vM42m,2019,2019,1
wow,post malone,7xQAfvXzm3AkraOtGPWIZg,2019,2019,1
7 rings,ariana grande,6ocbgoVGwYJhOv1GgI9NsF,2019,2019,1
talk,khalid,6TqXcAFInzjp0bODyvrWEq,2019,2019,1
sucker,jonas brothers,22vgEDb5hykfaTwLuskFGD,2019,2019,1
high hopes,panic! at the disco,1rqqCSm0Qe4I9rUvWncaom,2018,2019,1
"thank u, next",ariana grande,3e9HZxeyfWwjeyPAMmWSSQ,2019,2019,1
truth hurts,lizzo,3HWzoMvoF3TQfYg4UPszDq,2019,2019,1
dancing with a stranger,sam smith & normani,3xgT3xIlFGqZjYW9QlhJWp,2020,2019,1
señorita,shawn mendes & camila cabello,6v3KW9xbzN5yKLt9YKDYA2,2019,2019,1
i don't care,ed sheeran & justin bieber,3HVWdVOQ0ZA45FuZGSfvns,2019,2019,1
going bad,meek mill,2IRZnDFmlqMuOrYOLnZZyc,2018,2019,1
shallow,lady gaga & bradley cooper,2VxeLyX666F8uXCJ0dZF8B,2018,2019,1
better,khalid,2OpBganfGk2GVdSlRdxzaX,2018,2019,1
no guidance,chris brown,6XHVuErjQ4XNm6nDPVCxVX,2019,2019,1
sweet but psycho,ava max,7DnAm9FOTWE3cUvso43HhI,2020,2019,1
suge,dababy,2gwkD6igEhQbDQegRCcdoB,2019,2019,1
middle child,j. cole,2JvzF1RMd7lE3KmFlsyZD8,2019,2019,1
drip too hard,lil baby & gunna,78QR3Wp35dqAhFEc2qAGjE,2018,2019,1
someone you loved,lewis capaldi,7qEHsqek33rTcFNT9PFqLf,2019,2019,1
ransom,lil tecca,1lOe9qE0vR9zwWQAOk6CoO,2019,2019,1
if i can't have you,shawn mendes,2bT1PH7Cw3J9p3t7nlXCdh,2019,2019,1
goodbyes,post malone,0t3ZvGKlmYmVsDzBJAXK8C,2019,2019,1
zeze,kodak black,0FZ4Dmg8jJJAPJnvBIzD9z,2018,2019,1
money in the grave,drake,5ry2OE6R2zPQFDO85XkgRb,2019,2019,1
speechless,dan + shay,3GJ4hzg4lrGwU51Y3VARbF,2018,2019,1
"break up with your girlfriend, i'm bored",ariana grande,4kV4N9D1iKVxx1KLvtTpjS,2019,2019,1
please me,cardi b & bruno mars,0PG9fbaaHFHfre2gUVo7AN,2019,2019,1
money,cardi b,2GGMabyHXnJmjY6CXhhB2e,2018,2019,1
you need to calm down,taylor swift,6RRNNciQGZEXnqk8SQ9yv5,2019,2019,1
panini,lil nas x,6fTt0CH2t0mdeB2N9XFG5r,2019,2019,1
look back at it,a boogie wit da hoodie,3Ol2xnObFdKV9pmRD2t9x8,2018,2019,1
a lot,21 savage,2t8yVaLvJ0RenpXUIAC52d,2018,2019,1
me!,taylor swift,2Rk4JlNc2TPmZe2af99d45,2019,2019,1
mia,bad bunny,3gE4eQH3K83Sght0ZLvuBK,2018,2019,1
pop out,polo g,6uFn47ACjqYkc0jADwEdj1,2019,2019,1
beautiful crazy,luke combs,2rxQMGVafnNaRaXlRMWPde,2018,2019,1
thotiana,blueface,1rBjexQsgqXpsS2BrCxaDX,2018,2019,1
mo bamba,sheck wes,1xzBco0xcoJEDXktl7Jxrr,2018,2019,1
beautiful people,ed sheeran,70eFcWOvlMObDhURTqT4Fv,2019,2019,1
wake up in the sky,gucci mane & bruno mars & kodak black,2G1tXoGBaEMJ7FKGnkf6ud,2018,2019,1
whiskey glasses,morgan wallen,57TEkZN3f84tFJFHFrD4pO,2018,2019,1
god's country,blake shelton,4TCeFZNjGNQIpCuZmJkkE2,2019,2019,1
be alright,dean lewis,5qrSlOut2rNAWv3ubArkNy,2019,2019,1
pure water,mustard & migos,3j84U36KvLeXNDPv4t5pI8,2019,2019,1
the git up,blanco brown,01tA4XmJ4fGQNwti6b2hPm,2019,2019,1
taki taki,dj snake,0KoiMHhqKLoL4xM54rcWYY,2019,2019,1
close to me,ellie goulding & diplo,2GjMaJ7DacMIkgoe8oMXGg,2020,2019,1
envy me,calboy,7rvyVWja33WG9R97oeJAjx,2019,2019,1
you say,lauren daigle,6Up545NUflOiXo8cEraH49,2018,2019,1
"hey look ma, i made it",panic! at the disco,22oEJW6r2rMb9z4IntfyEa,2018,2019,1
circles,post malone,21jGcNKet2qwijlDFuPiPb,2019,2019,1
beer never broke my heart,luke combs,7aEtlGHoiPAfRB084NiDmx,2019,2019,1
the london,young thug & j. cole & travis scott,3s4mrPrEFFPF0LmAfutW0n,2019,2019,1
con calma,daddy yankee & katy perry,4au7FRcgZzChASRYu279xH,2019,2019,1
murder on my mind,ynw melly,7eBqSVxrzQZtK2mmgRG6lC,2018,2019,1
when the party's over,billie eilish,43zdsphuZLzwA9k4DJhU0I,2019,2019,1
act up,city girls,3A2yGHWIzmGEIolwonU69h,2018,2019,1
trampoline,shaed,0lsRatBUs9HNIZAmoGABzk,2018,2019,1
leave me alone,flipp dinero,6V7g6qM8wheMivMWrzbPTM,2019,2019,1
breathin,ariana grande,4OafepJy2teCjYJbvFE60J,2018,2019,1
bury a friend,billie eilish,4SSnFejRGlZikf02HLewEF,2019,2019,1
close friends,lil baby,5nzhL67GpF9szXWg5y509A,2018,2019,1
baby shark,pinkfong,5ygDXis42ncn6kYG14lEVG,2017,2019,1
my type,saweetie,5KBARWIxeMGkvUax9VtVC9,2019,2019,1
worth it,yk osiris,0PQoUlzP7ILdcrzpajHXc0,2019,2019,1
only human,jonas brothers,0DiDStADDVh3SvAsoJAFMk,2019,2019,1
knockin' boots,luke bryan,2opQESZb7JsRKCvWMBPeuv,2020,2019,1
rumor,lee brice,56eGOeSsqdg3FLxdo83TwV,2017,2019,1
swervin,a boogie wit da hoodie,1wJRveJZLSb1rjhnUHQiv6,2018,2019,1
how do you sleep?,sam smith,34pRqzRiFcIuyRMuuEayzY,2020,2019,1
baby,lil baby & dababy,5MPPttjfGap2C6j6eKcO6J,2019,2019,1
look what god gave her,thomas rhett,2KqJC0koTBUyDlsMt5ok1V,2019,2019,1
good as you,kane brown,19kUPdKTp85q9RZNwaXM15,2019,2019,1
clout,offset,59ywHNwwchG4nZJMLyxSzd,2019,2019,1
one thing right,marshmello & kane brown,7gZXCjAy6nxKCQWLEeX4LZ,2019,2019,1
cash shit,megan thee stallion,2rMAtCaTj16NptyVfEIeAC,2019,2019,1
shotta flow,nle choppa,5OFlp1fOrfiSXOjw4wuSgy,2019,2019,1
hot girl summer,megan thee stallion,5N1o6d8zGcSZSeMFkOUQOk,2019,2019,1
talk you out of it,florida georgia line,4qQwGRtGT7l6ckQtdPEFd4,2019,2019,1
beautiful,bazzi,4VUwkH455At9kENOfzTqmF,2018,2019,1
eyes on you,chase rice,4w95iGC6NrxZJ5o3D7bWyV,2017,2019,1
all to myself,dan + shay,08tq1XcHwVt5PHXUo87i0D,2018,2019,1
boyfriend,ariana grande & social house,0Ryd8975WihbObpp5cPW1t,2019,2019,1
walk me home,pink,6jfEZdUJ2Yla6h7gTJgKuo,2019,2019,1
robbery,juice wrld,6iaSML1PIYq936g62BDtBq,2019,2019,1
blinding lights,the weeknd,0VjIjW4GlUZAMYd2vXMi3b,2020,2020,1
the box,roddy ricch,0nbXyq5TXYPCO7pr3N8S4I,2019,2020,1
don't start now,dua lipa,3PfIrDoz19wz7qK7tYeu62,2020,2020,1
rockstar,dababy,7ytR5pFWmSjzHJIeQkgog4,2020,2020,1
adore you,harry styles,3jjujdWJ72nww5eGnfs2E7,2019,2020,1
life is good,future,1K5KBOgreBi5fkEHvg5ap3,2020,2020,1
memories,maroon 5,4cktbXiXOapiLBMprHFErI,2021,2020,1
the bones,maren morris,7yFhA2fUsL2oIMWlw5DaHQ,2019,2020,1
say so,doja cat,3Dv1eDb0MEgF93GpLXlucZ,2019,2020,1
i hope,gabby barrett,23T0OX7QOiIUFShSzbJ5Uo,2020,2020,1
whats poppin,jack harlow,1jaTQ3nqY3oAAYyCTbIvnM,2020,2020,1
dance monkey,tones and i,2XU0oxnq2qxCpomAAuJY8K,2019,2020,1
savage,megan thee stallion,55CHeLEfn5iJ0IIkgaa4si,2020,2020,1
roxanne,arizona zervas,696DnlkuDOXcMAnKlTgXXK,2019,2020,1
intentions,justin bieber,4umIPjkehX1r7uhmGvXiSV,2020,2020,1
everything i wanted,billie eilish,3ZCTVFBt2Brf31RLEnCkWJ,2019,2020,1
roses (imanbek remix),saint jhn,72GVdRHK49beKrC1NqRCqj,2020,2020,1
watermelon sugar,harry styles,6UelLqGlWMcVH1E5c4H7lY,2019,2020,1
before you go,lewis capaldi,2gMXnyrvIjhVBUZwvLZDMP,2019,2020,1
falling,trevor daniel,0Aqi7ArnBrGblW5T6p2jmD,2020,2020,1
"10,000 hours",dan + shay & justin bieber,2wrJq5XKLnmhRXHIAf9xBa,2019,2020,1
wap,cardi b,4Oun2ylbjFKMPTiaSbbCih,2020,2020,1
ballin',mustard & roddy ricch,3QzAOrNlsabgbMwlZt7TAY,2019,2020,1
hot girl bummer,blackbear,6jRq8gaZhMUyy5RclRPcAf,2020,2020,1
blueberry faygo,lil mosey,22LAwLoDA5b4AaGSkg6bKW,2020,2020,1
heartless,the weeknd,6bnF93Rx87YqUBLSgjiMU8,2020,2020,1
bop,dababy,6Ozh9Ok6h4Oi1wUSLtBseN,2019,2020,1
lose you to love me,selena gomez,4l0Mvzj72xxOpRrp6h8nHi,2020,2020,1
good as hell,lizzo,6KgBpzTuTRPebChN0VTyzV,2019,2020,1
toosie slide,drake,466cKvZn1j45IpxDdYZqdA,2020,2020,1
break my heart,dua lipa,017PF4Q3l4DBUiWoXk4OWT,2020,2020,1
chasin' you,morgan wallen,0WiyWiJDkNCyGNqkv7NByy,2018,2020,1
savage love (laxed – siren beat),jawsh 685 & jason derulo,1xQ6trAsedVPCdbtDAmk0c,2020,2020,1
my oh my,camila cabello,3yOlyBJuViE2YSGn3nVE1K,2019,2020,1
dynamite,bts,5QDLhrAOJJdNAmCTJ8xMyW,2020,2020,1
go crazy,chris brown & young thug,1IIKrJVP1C9N7iPtG6eOsK,2020,2020,1
high fashion,roddy ricch,07KXEDMj78x68D884wgVEm,2019,2020,1
laugh now cry later,drake,2SAqBLGA283SUiwJ3xOUVI,2020,2020,1
woah,lil baby,02RCbjb9czvQKNGBmEmWob,2020,2020,1
death bed,powfu,7eJMfftS33KTjuF7lTsMCx,2020,2020,1
highest in the room,travis scott,3eekarcy7kvN4yt5ZFzltW,2019,2020,1
mood,24kgoldn,4jPy3l0RUwlUI9T5XHBW2m,2021,2020,1
rain on me,lady gaga & ariana grande,7ju97lgwC2rKQ6wwsf9no9,2020,2020,1
for the night,pop smoke,0PvFJmanyNQMseIFrU708S,2020,2020,1
ritmo (bad boys for life),black eyed peas & j balvin,5NyS3oxTlos3Agl2YtZwrC,2020,2020,1
heart on ice,rod wave,591ks2A0o7ratTpiRdI7M6,2019,2020,1
nobody but you,blake shelton & gwen stefani,5M8goiFYynmNxhueYW6grR,2019,2020,1
come & go,juice wrld & marshmello,2Y0wPrPQBrGhoLn14xRYCG,2020,2020,1
if the world was ending,jp saxe,2kJwzbxV2ppxnQoYw4GLBZ,2019,2020,1
we paid,lil baby & 42 dugg,6gxKUmycQX7uyMwJcweFjp,2020,2020,1
yummy,justin bieber,16wAOAZ2OkqoIDN7TpChjR,2020,2020,1
one man band,old dominion,7cA3PnUQDlUyBBwpRozQeo,2019,2020,1
got what i got,jason aldean,4TCc369aRPRubv1m8R1TBG,2019,2020,1
sunday best,surfaces,1qYKWcEOrh2tM8PlgIm8K1,2019,2020,1
godzilla,eminem,7FIWs0pqAYbP91WWM0vlTQ,2020,2020,1
bandit,juice wrld & youngboy never broke again,1oWM79mUVdZGCGYjSirHZR,2019,2020,1
party girl,staysolidrocky,3IJYUaN3tx04S4TYyZHKoP,2020,2020,1
die from a broken heart,maddie & tae,3DA4SE262k6rdEtlHteNyq,2020,2020,1
popstar,dj khaled,6EDO9iiTtwNv6waLwa1UUq,2020,2020,1
all i want for christmas is you,mariah carey,0bYg9bo50gSsH3LtXe2SQn,1994,2020,1
one of them girls,lee brice,6uyiyatWPCqC59Mm4rO8xL,2020,2020,1
hard to forget,sam hunt,10xuH52YSXHWFwCaF1fsDd,2020,2020,1
one margarita,luke bryan,1Y3TlYJNhIa7k4YAvFkJAB,2020,2020,1
hot,young thug,5Z8HZM6iQMhhqyPcCGY5g9,2019,2020,1
i hope you're happy now,carly pearce & lee brice,0Al3wN3keprGTSgG8NBwjr,2020,2020,1
emotionally scarred,lil baby,7ge7BHazYbVKi8qyZUX1Bm,2020,2020,1
suicidal,ynw melly,1iSqfoUFnQwV0QW1EfUit8,2019,2020,1
the bigger picture,lil baby,44gRhRi2OhEf7moAUj6MD1,2020,2020,1
the woo,pop smoke,1H7KnK26kc1YyellpbINEn,2020,2020,1
sum 2 prove,lil baby,5f4Hy5mw5SRaUgXX9c6P5S,2020,2020,1
stuck with u,ariana grande & justin bieber,4HBZA5flZLE435QTztThqH,2020,2020,1
mood swings,pop smoke,5rZlwNFl01HqLWBQGryKSm,2020,2020,1
you should be sad,halsey,7lidXGPXPYLNThITAOTlkK,2020,2020,1
dior,pop smoke,79s5XnCN4TJKTVMSmOx8Ep,2019,2020,1
supalonely,benee,4nK5YrxbMGZstTLbvj6Gxw,2019,2020,1
even though i'm leaving,luke combs,5Fhe63YOMZsGdB3CgCDuBi,2019,2020,1
the scotts,travis scott & kid cudi,39Yp9wwQiSRIDOvrVg7mbk,2020,2020,1
juicy,doja cat & tyga,7f5trao56t7sB7f14QDTmp,2019,2020,1
be like that,kane brown & swae lee & khalid,5f1joOtoMeyppIcJGZQvqJ,2020,2020,1
homesick,kane brown,30RZAuEkYeDXvy46Iv6l7E,2019,2020,1
rags2riches,rod wave,40TPiJpvwGIyvPjJMDTKfy,2020,2020,1
bluebird,miranda lambert,0kPeZAyIhIfeZNrtfjJGDB,2019,2020,1
wishing well,juice wrld,2U5WueTLIK5WJLD7mvDODv,2020,2020,1
does to me,luke combs,0nGXi46VcQQ56ZJR428MKS,2019,2020,1
pussy fairy (otw),jhené aiko,48KXAIruJ07kJVCWOGohMV,2020,2020,1
ily (i love you baby),surf mesa,62aP9fBQKYKxi7PDXwcUAS,2019,2020,1
more than my hometown,morgan wallen,0IRZwSCWFdT5D8hNCXHzZX,2021,2020,1
lovin' on you,luke combs,0nYvjcSlCgjcwogQAwIwNp,2019,2020,1
said sum,moneybagg yo,3sKz6Sd72K0ofPWcJPPk6H,2020,2020,1
slide,h.e.r.,6MO2bfLHKykUgCChFdw91H,2020,2020,1
walk em down,nle choppa,1Z0cZI0UzNbP9L8MzzGxqf,2020,2020,1
levitating,dua lipa,5nujrmhLynf4yMoMtj8AQF,2020,2021,1
save your tears,the weeknd & ariana grande,1oFAF1hdPOickyHgbuRjyX,2020,2021,1
good 4 u,olivia rodrigo,4ZtFanR9U6ndgddUvNcjcG,2021,2021,1
kiss me more,doja cat,3DarAbFujv6eYNliUTyqtz,2021,2021,1
leave the door open,silk sonic & bruno mars & anderson .paak,02VBYrHfVwfEWXk5DXyf0T,2021,2021,1
drivers license,olivia rodrigo,5wANPM4fQCJwkGd4rN57mH,2021,2021,1
montero (call me by your name),lil nas x,1SC5rEoYDGUK4NfG82494W,2021,2021,1
peaches,justin bieber,4iJyoBOLtHqaGxP12qzhQI,2021,2021,1
butter,bts,6jjYDGxVJsWS0a5wlVF5vS,2022,2021,1
stay,the kid laroi & justin bieber,567e29TDzLwZwfDuEpGTwo,2021,2021,1
deja vu,olivia rodrigo,6HU7h9RYOaPRFeh0R3UeAr,2021,2021,1
positions,ariana grande,35mvY5S1H3J2QZyna3TFe0,2020,2021,1
bad habits,ed sheeran,3rmo8F54jFF8OgYsqTxm5d,2021,2021,1
heat waves,glass animals,3USxtqRwSYz57Ewm6wWRMp,2020,2021,1
without you,the kid laroi,1KMkcUvF7m3SDChDOa7i5L,2021,2021,1
forever after all,luke combs,6IBcOGPsniK3Pso1wHIhew,2020,2021,1
astronaut in the ocean,masked wolf,3Ofmpyhv5UAQ70mENzB277,2021,2021,1
34+35,ariana grande,6Im9k8u9iIzKMrmV7BWtlF,2020,2021,1
what you know bout love,pop smoke,1tkg4EHVoqnhR6iFEXb60y,2020,2021,1
my ex's best friend,machine gun kelly,7kDUspsoYfLkWnZR7qwHZl,2020,2021,1
industry baby,lil nas x & jack harlow,5Z9KJZvQzH6PFmb8SNkxuk,2021,2021,1
therefore i am,billie eilish,20R4HfKloPKgXDqU7UKk3x,2021,2021,1
up,cardi b,1M4OcYkxAtu3ErzSgDEfoi,2021,2021,1
fancy like,walker hayes,58UKC45GPNTflCN6nwCUeF,2022,2021,1
dakiti,bad bunny & jhay cortez,47EiUVwUp4C9fGccaPuUCS,2020,2021,1
best friend,saweetie,20BOju91NaEFK5Py4VJ2pp,2021,2021,1
rapstar,polo g,18vXApRmJSgQ6wG2ll9AOg,2021,2021,1
heartbreak anniversary,giveon,3FAJ6O0NOHQV8Mc5Ri6ENp,2020,2021,1
calling my phone,lil tjay & 6lack,3J8EOeKLTLXORtWPpOU5bE,2021,2021,1
beautiful mistakes,maroon 5,5zFglKYiknIxks8geR8rcL,2021,2021,1
holy,justin bieber,5u1n1kITHCxxp8twBcZxWy,2020,2021,1
on me,lil baby,4Iedi94TIaB2GGb1nMB68v,2020,2021,1
you broke me first,tate mcrae,4l0RmWt52FxpVxMNni6i63,2021,2021,1
traitor,olivia rodrigo,5CZ40GBx1sQ9agT82CLQCT,2021,2021,1
back in blood,pooh shiesty,7FGdjbZ32vMybPuP0IuE7d,2021,2021,1
wockesha,moneybagg yo,0nqhKXDjsyBMvbeWmgijD0,2021,2021,1
you right,doja cat & the weeknd,0k4d5YPDr1r7FX77VdqWez,2021,2021,1
beat box 2,spotemgottem & spotemgottem,3fHNHBb2eGLahIvoVa19zq,2020,2021,1
need to know,doja cat,3Vi5XqYrmQgOYBajMWSvCi,2021,2021,1
wants and needs,drake,65OVbaJR5O1RmwOQx0875b,2021,2021,1
way 2 sexy,drake,0k1WUmIRnG3xU6fvvDVfRG,2021,2021,1
telepatía,kali uchis,6tDDoYIxWvMLTdKpjFkc1B,2020,2021,1
whoopty,cj,1t9WgS8FN0534tLBRwbaxO,2021,2021,1
lemonade,internet money & gunna,1p0rEzrK7YtdRZVtiyV7RN,2020,2021,1
good days,sza,4PMqSO5qyjpvzhlLI5GnID,2022,2021,1
starting over,chris stapleton,3K07bGe8iljQ3mOKArHLDo,2020,2021,1
body,megan thee stallion,0A1hoCfMLkiAgvhWkkucJa,2020,2021,1
willow,taylor swift,0lx2cLdOt3piJbcaXIV74f,2020,2021,1
bang!,ajr,4SQLQfcR0vhyIN4uPBlc0d,2021,2021,1
better together,luke combs,6gdLyYNuhWBzqwlOFSsXC7,2019,2021,1
you're mines still,yung bleu,6tiKwZppNjrls8RsPQwK6r,2021,2021,1
every chance i get,dj khaled,1EJIcDYXwSqipW5dFe4uJz,2021,2021,1
essence,wizkid,5FG7Tl93LdH117jEKYl3Cm,2020,2021,1
chasing after you,ryan hurd & maren morris,1ZIKpMTRPqhwAoVXWY3tXI,2021,2021,1
the good ones,gabby barrett,3hLuHKzG1cmlRpq53ZVWd8,2020,2021,1
leave before you love me,marshmello & jonas brothers,4qu63nuBpdn0qHUHuObEj1,2021,2021,1
glad you exist,dan + shay,3oV2RVOmwdWdf9BmGS4Oad,2021,2021,1
lonely,justin bieber & benny blanco,3S8jK1mGzQi24ilFb45DAZ,2021,2021,1
beggin',måneskin,3Wrjm47oTz2sjIgck11l5e,2017,2021,1
streets,doja cat,60ynsPSSKe6O3sfwRnIBRf,2019,2021,1
what's next,drake,3aQem4jVGdhtg116TmJnHz,2021,2021,1
famous friends,chris young & kane brown,00KyYtT6NaXwbPecina5Pj,2021,2021,1
lil bit,nelly & florida georgia line,33aow0AcXYvT1FoWNzMcqN,2021,2021,1
thot shit,megan thee stallion,7FdmHr87G79PDRGy9SPBkZ,2021,2021,1
late at night,roddy ricch,6kksmL4t09IgxhajuVDDxR,2021,2021,1
kings & queens,ava max,7a53HqqArd4b9NF4XAmlbI,2020,2021,1
anyone,justin bieber,2WnAKZefdRHxtBEkRjFOHC,2021,2021,1
track star,mooski,5hChuUMe5iHfjkXgzj1D4b,2021,2021,1
time today,moneybagg yo,0YrKSfpvflYnLSBd4Jtu6J,2021,2021,1
cry baby,megan thee stallion,4aarlAfLKVCTxUDNgbwhjH,2020,2021,1
no more parties,coi leray,5A4WcRuy0FFEAC5pAK43oa,2021,2021,1
what's your country song,thomas rhett,4oR2cCQGs0Yt0Mgr2diV6V,2021,2021,1
one too many,keith urban & pink,5NUXE8W12lWcUXgJRCjeEw,2020,2021,1
arcade,duncan laurence,1Xi84slp6FryDSCbzq4UCD,2019,2021,1
yonaguni,bad bunny,2JPLbjOn0wPCngEot2STUS,2021,2021,1
good time,niko moon,2S8UMuLJ0z8agFgFGJ6Ztt,2021,2021,1
if i didn't love you,jason aldean & carrie underwood,7IYoh1u7dFM1xIWSEYd5B8,2021,2021,1
knife talk,drake,2BcMwX1MPV6ZHP4tUT9uq6,2021,2021,1
pov,ariana grande,3UoULw70kMsiVXxW0L3A33,2020,2021,1
just the way,parmalee & blanco brown,4h5OVQQbeqw3lNaFIbmlzG,2021,2021,1
take my breath,the weeknd,2vgUijXOTRMnWXDtvgMp2b,2022,2021,1
we're good,dua lipa,1diS6nkxMQc3wwC4G1j0bh,2021,2021,1
hell of a view,eric church,4mXGooManGPH6xAWRAtRJU,2021,2021,1
rockin' around the christmas tree,brenda lee,2EjXfH91m7f8HiJN1yQg97,1964,2021,1
put your records on,ritt momney,6AGOKlMZWLCaEJGnaROtF9,2020,2021,1
happier than ever,billie eilish,4RVwu0g32PAqgUiJoXsdF8,2021,2021,1
single saturday night,cole swindell,6LnIxE8CqkK7faQV76nEHS,2022,2021,1
things a man oughta know,lainey wilson,3S0sk6DSTgesXsUSAEHNr5,2021,2021,1
throat baby (go baby),brs kash,15C4TnrrVdym7UykxQIOTZ,2021,2021,1
tombstone,rod wave,3zc8VZEpM1onYV4FWGdFvm,2021,2021,1
drinkin' beer. talkin' god. amen.,chase rice,0rOVgtieEk5SoypbulRiKI,2021,2021,1
todo de ti,rauw alejandro,3rdAz1fbUfZxYgaCviYhRo,2021,2021,1
as it was,harry styles,4Dvkj6JhhA12EX05fT7y2e,2022,2022,1
easy on me,adele,46IZ0fSY2mpAiktS3KOqds,2021,2022,1
shivers,ed sheeran,50nfwKoDiSYg8zOCREWAm5,2021,2022,1
first class,jack harlow,0wHFktze2PHC5jDt3B17DC,2022,2022,1
big energy,latto,6Zu3aw7FfjAF9WA0fA81Oq,2021,2022,1
ghost,justin bieber,6I3mqTwhRpn34SLVafSH7G,2021,2022,1
super gremlin,kodak black,1Y5Jvi3eLi4Chwqch9GMem,2022,2022,1
cold heart (pnau remix),elton john & dua lipa,7rglLriMNBPAyuJOMGwi39,2021,2022,1
wait for u,future,59nOXPmaKlBfGMDeOVGrIK,2022,2022,1
about damn time,lizzo,6HMtHNpW6YPi1hrw9tgF8P,2022,2022,1
thats what i want,lil nas x,0e8nrvls4Qqv5Rfa2UhqmO,2021,2022,1
enemy,imagine dragons & jid,3CIyK1V4JEJkg02E4EJnDl,2022,2022,1
abcdefu,gayle,4fouWK6XVHhzl78KzQ1UjL,2021,2022,1
wasted on you,morgan wallen,5YanmSgudc0CaxZrn40YnM,2021,2022,1
me porto bonito,bad bunny & chencho corleone,6Sq7ltF9Qa7SNFBsV5Cogx,2022,2022,1
woman,doja cat,6Uj1ctrBOjOas8xZXGqKk4,2021,2022,1
tití me preguntó,bad bunny,1IHWl5LamUGEuP4ozKQSXZ,2022,2022,1
running up that hill (a deal with god),kate bush,1PtQJZVZIdWIYdARpZRDFO,1985,2022,1
we don't talk about bruno,carolina gaitán & adassa & rhenzy feliz & diane guerrero & stephanie beatriz & encanto,52xJxFP6TqMuO4Yt0eOkMz,2021,2022,1
late night talking,harry styles,1qEmFfgcLObUfQm0j1W2CK,2022,2022,1
i like you (a happier song),post malone,0O6u0VJ46W86TxN9wgyqDj,2022,2022,1
you proof,morgan wallen,57a4iloBWqan5rtqPJBoVY,2023,2022,1
bad habit,steve lacy,4k6Uh1HXdhtusDW5y8Gbvy,2022,2022,1
sunroof,nicky youre,5YqEzk3C5c3UZ1D5fJUlXA,2023,2022,1
one right now,post malone & the weeknd,1nltpRhEiXikwDlVn4UADk,2022,2022,1
numb little bug,em beihold,1KQc37jezhunxnOPhvdwSG,2022,2022,1
jimmy cooks,drake,3F5CgOj3wFlRv51JsHbxhe,2022,2022,1
'til you can't,cody johnson,4k3lPl8YTKuY8c1HelVnm3,2021,2022,1
the kind of love we make,luke combs,48UKTR66uUOT9LaUvooTNx,2022,2022,1
i ain't worried,onerepublic,4h9wh7iOZ0GGn8QVp4RAOB,2022,2022,1
break my soul,beyoncé,5pyoxDZ1PX0KxBxiRVxA4U,2022,2022,1
something in the orange,zach bryan,3WMj8moIAXJhHsyLaqIIHI,2022,2022,1
smokin out the window,silk sonic & bruno mars & anderson .paak,3xVZYkcuWalGudeKl861wb,2021,2022,1
in a minute,lil baby,31lopd32BkJBTSgYE16c5e,2022,2022,1
moscow mule,bad bunny,6Xom58OOXk2SoU711L2IXO,2022,2022,1
she had me at heads carolina,cole swindell,200x8ONbPfFzByUr3fVz46,2022,2022,1
vegas,doja cat,0hquQWY3xvYqN4qtiquniF,2022,2022,1
pushin p,gunna & future,3XOalgusokruzA5ZBA2Qcb,2022,2022,1
buy dirt,jordan davis & luke bryan,69AIpwGNLxr4qS1X5ynx60,2021,2022,1
i hate u,sza,2aJnyNu4PQxQ2lyj5boiMG,2022,2022,1
boyfriend,dove cameron,59CfNbkERJ3NoTXDvoURjj,2022,2022,1
glimpse of us,joji,2mlNgAeIBnL78ZriXgrRHz,2022,2022,1
surface pressure,jessica darrow,760jhRscwGbIIe1m1IIQpU,2021,2022,1
fall in love,bailey zimmerman,0rCFRyEy4WXjRXNpO80Dzs,2023,2022,1
love nwantiti (ah ah ah),ckay,2Xr1dTzJee307rmrkt8c0g,2019,2022,1
super freaky girl,nicki minaj,4C6Uex2ILwJi9sZXRdmqXp,2022,2022,1
hrs and hrs,muni long,3ncmoWTwJgx63LwMTyBCXf,2022,2022,1
sand in my boots,morgan wallen,12k3pLHg78j1NfwKf9B1jf,2021,2022,1
mamiii,becky g & karol g,7FlQk2gJ6TBrHHiidvdR2O,2022,2022,1
aa,walker hayes,6aIrXGmaFqPafbYgxbMUsj,2022,2022,1
sweetest pie,megan thee stallion & dua lipa,7mFj0LlWtEJaEigguaWqYh,2022,2022,1
provenza,karol g,3HqcNJdZ2seoGxhn0wVNDK,2023,2022,1
bam bam,camila cabello,0QBzMgT7NIeoCYy3sJCof1,2022,2022,1
5 foot 9,tyler hubbard,0U4iRayct65wsaBMQGiLbg,2023,2022,1
get into it (yuh),doja cat,0W6I02J9xcqK8MtSeosEXb,2021,2022,1
efecto,bad bunny,5Eax0qFko2dh7Rl2lYs3bx,2022,2022,1
rock and a hard place,bailey zimmerman,1TE8AAk9koG0UJco6ZAUfx,2023,2022,1
doin' this,luke combs,6TpyujRefwsflWFXbmjVpj,2022,2022,1
oh my god,adele,3Kkjo3cT83cw09VJyrLNwX,2021,2022,1
better days,neiked & mae muller & polo g,6f5ExP43esnvdKPddwKXJH,2021,2022,1
meet me at our spot,the anxiety & willow & tyler cole,07MDkzWARZaLEdKxo6yArG,2020,2022,1
fingers crossed,lauren spencer-smith,4wH7ZoqgETaACS9BlUkvuY,2023,2022,1
all too well (taylor's version),taylor swift,5enxwA8aAbwZbf5qCHORXi,2021,2022,1
party,bad bunny & rauw alejandro,4tYFy8ALRjIZvnvSLw5lxN,2022,2022,1
después de la playa,bad bunny,1dm6z1fWB0cErMszU25dy2,2022,2022,1
you should probably leave,chris stapleton,2UikqkwBv7aIvlixeVXHWt,2020,2022,1
broadway girls,lil durk,7qTaDOcld0VmBWXnkbUj45,2022,2022,1
take my name,parmalee,7g0Zfd5J6Hzx9M2fRUMuba,2021,2022,1
what happened to virgil,lil durk,7ohROa13QK43JBRqfCmz4P,2022,2022,1
puffin on zootiez,future,1qMMYpVatbRITKCfq1gasi,2022,2022,1
like i love country music,kane brown,3j1xkzTW8owIphkWV51V9s,2022,2022,1
jingle bell rock,bobby helms,7vQbuQcyTflfCIOu3Uzzya,1957,2022,1
ojitos lindos,bad bunny & bomba estéreo,3k3NWokhRRkEPhCzPmV8TW,2022,2022,1
trouble with a heartbreak,jason aldean,0P9c1rdCeGAkCeS425KbI5,2022,2022,1
a holly jolly christmas,burl ives,77khP2fIVhSW23NwxrRluh,1965,2022,1
she likes it,russell dickerson,6VVqPBFZIbcmv14zNfOc13,2021,2022,1
never say never,cole swindell & lainey wilson,3iYEsBl8NBq1o1j5uY2Noe,2022,2022,1
damn strait,scotty mccreery,0gNrujgnSfw4LuSvd0Jbs6,2021,2022,1
she's all i wanna be,tate mcrae,7l9IqDtVWJurTvkQHq1BGh,2022,2022,1
last night lonely,jon pardi,0k11c8vwyeNSGQex6UMa1v,2022,2022,1
flower shops,ernest,1DbZAffh8GGwW41Q3AU8iC,2022,2022,1
to the moon,jnr choi,5vUnjhBzRJJIAOJPde6zDx,2021,2022,1
unholy,sam smith & kim petras,3nqQXoyQOWXiESFLlDF1hG,2022,2022,1
one mississippi,kane brown,4FdPnT2cFrpWCmWZd7GXc3,2021,2022,1
circles around this town,maren morris,13G5xv1wUKvJYbK0wYmioN,2022,2022,1
last night,morgan wallen,583dMdiUquLMenarTp7PQm,2023,2023,1
flowers,miley cyrus,7DSAEUvxU8FajXtRloy8M0,2023,2023,1
kill bill,sza,1Qrg8KqiBpW07V7PNxwwwL,2022,2023,1
anti-hero,taylor swift,0V3wPSX9ygBnCm8psDIegu,2022,2023,1
creepin',metro boomin & the weeknd & 21 savage,2dHHgzDwk4BJdRwy9uXhTO,2022,2023,1
calm down,rema & selena gomez,0WtM2NBVQNNJLh6scP13H8,2022,2023,1
die for you,the weeknd & ariana grande,4W4fNrZYkobj539TOWsLO2,2023,2023,1
fast car,luke combs,1Lo0QY9cvc8sUB2vnIOxDT,2023,2023,1
snooze,sza,4iZ4pt7kvcaH6Yo8UoZ4s2,2022,2023,1
i'm good (blue),david guetta & bebe rexha,4uUG5RXrOk84mYEfFvj3cK,2022,2023,1
rich flex,drake & 21 savage,1bDbXMyjaUIooNwFE9wn0N,2022,2023,1
under the influence,chris brown,5IgjP7X4th6nMNDh4akUHb,2019,2023,1
cruel summer,taylor swift,1BxfuPKGuaTgP7aM0Bbdwr,2019,2023,1
thinkin' bout me,morgan wallen,4Sb8neYCkT7lyMIo2kOOEC,2023,2023,1
boy's a liar pt. 2,pinkpantheress & ice spice,5CCr8msaN3MhgqBoa9yWhH,2023,2023,1
favorite song,toosii,5Bvhk3wx42kkDEggSQIwqL,2023,2023,1
thought you should know,morgan wallen,4Fm1GxOXJEiJQ3z6LCQbSP,2023,2023,1
thank god,kane brown & katelyn brown,1brnLTvarI9D1hLP6z2Ar8,2022,2023,1
sure thing,miguel,0JXXNGljqupsJaZsgSbMZV,2010,2023,1
all my life,lil durk,6HgWWaMu31KdOpEG5l28BG,2023,2023,1
ella baila sola,eslabon armado & peso pluma,3dnP0JxCgygwQH9Gm7q7nb,2023,2023,1
karma,taylor swift,7KokYm8cMIXCsGVmUvKtqf,2022,2023,1
just wanna rock,lil uzi vert,4FyesJzVpA39hbYvcseO2d,2022,2023,1
cuff it,beyoncé,1xzi1Jcr7mEi9K2RfzLOqS,2022,2023,1
vampire,olivia rodrigo,1kuGVB7EU95pJObxwvfwKS,2023,2023,1
fukumean,gunna,4rXLjWdF2ZZpXCVTfWcshS,2023,2023,1
lavender haze,taylor swift,5jQI2r1RdgtuT8S3iG8zFC,2022,2023,1
players,coi leray,6UN73IYd0hZxLi8wFPMQij,2022,2023,1
need a favor,jelly roll,07on0OB2cdPt79IFsgdRUy,2023,2023,1
dance the night,dua lipa,1vYXt7VSjH9JIM5oRRo7vA,2023,2023,1
love you anyway,luke combs,2kYevr8cbIAH2ha8210Bnz,2023,2023,1
one thing at a time,morgan wallen,5vYtElD9hKn73Kh4YcnNFN,2023,2023,1
superhero (heroes & villains),metro boomin & future & chris brown,0vjeOZ3Ft5jvAi9SBFJm1j,2022,2023,1
la bebé,yng lvcas & peso pluma,2UW7JaomAMuX9pZrjVpHAU,2023,2023,1
golden hour,jvke,5odlY52u43F5BjByhxg7wg,2022,2023,1
religiously,bailey zimmerman,0bILU0UiNDmA5Ff6whhb2R,2023,2023,1
spin bout u,drake & 21 savage,2ZL7WZcjuYKi1KUDtp4kCC,2022,2023,1
cupid,fifty fifty,53DDMPqgMWNrEeE3NjThKE,2023,2023,1
search & rescue,drake,7aRCf5cLOFN1U7kvtChY1G,2023,2023,1
barbie world,nicki minaj & ice spice & aqua,741UUVE2kuITl0c6zuqqbO,2023,2023,1
next thing you know,jordan davis,39OclE5hZematADrdfaWvE,2023,2023,1
escapism,raye,5mHdCZtVyb4DcJw8799hZp,2023,2023,1
un x100to,grupo frontera & bad bunny,2yzshFeBIwH8tWIqHEFLeD,2023,2023,1
until i found you,stephen sanchez,0T5iIrXA4p5GsubkhuBIKV,2021,2023,1
shirt,sza,2wSTnntOPRi7aQneobFtU4,2022,2023,1
paint the town red,doja cat,2IGMVunIBsBLtEQyoI1Mu7,2023,2023,1
made you look,meghan trainor,0QHEIqNKsMoOY5urbzN48u,2022,2023,1
wait in the truck,hardy,6fDlK6P4s3BVMls9EmfCWI,2023,2023,1
everything i love,morgan wallen,6k7vV1OGewIoqEmUg3L7Am,2023,2023,1
chemical,post malone,5w40ZYhbBMAlHYNDaVJIUu,2023,2023,1
heart like a truck,lainey wilson,5DIBVDJOHh7djepAjKHWCO,2022,2023,1
"going, going, gone",luke combs,67AdiJcurlf6gocGobfaXs,2022,2023,1
dancin' in the country,tyler hubbard,2KtGiBi5CrX2ERPD2PAS34,2023,2023,1
daylight,david kushner,5OGZ2Mx4Cs6RCndDRycGBJ,2024,2023,1
lift me up,rihanna,35ovElsgyAtQwYPYnZJECg,2022,2023,1
eyes closed,ed sheeran,3p7XQpdt8Dr6oMXSvRZ9bg,2023,2023,1
tqg,karol g & shakira,0DWdj2oZMBFSzRsi2Cvfzf,2023,2023,1
try that in a small town,jason aldean,5BqI4ugJL5WaPRQ6MlC8Ho,2023,2023,1
tennessee orange,megan moroney,6DLbBlGIOjjEj0dNN25zhZ,2023,2023,1
princess diana,ice spice & nicki minaj,0ZxhtATQ0a6EvQNZ0z6NKV,2023,2023,1
tomorrow 2,glorilla & cardi b,0WNfQxDGaPTl0yogcMR5v1,2022,2023,1
where she goes,bad bunny,7ro0hRteUMfnOioTFI5TG1,2023,2023,1
bebe dame,fuerza regida & grupo frontera,0IKeDy5bT9G0bA7ZixRT4A,2022,2023,1
i remember everything,zach bryan,4KULAymBBJcPRpk1yO4dOG,2023,2023,1
what it is (block boy),doechii,1O8zCu3dLLPxkbGfIsbRgE,2023,2023,1
nobody gets me,sza,5Y35SjAfXjjG0sFQ3KOxmm,2022,2023,1
rich men north of richmond,oliver anthony music,78Du4CMFgnhdlG33gblkiP,2023,2023,1
dial drunk,noah kahan & post malone,22VHOlVYBqytsrAqV8yXBK,2023,2023,1
what was i made for?,billie eilish,6wf7Yu7cxBSPrRlWeSeK0Q,2023,2023,1
seven,jungkook,2HRgqmZQC0MC7GeNuDIXHN,2023,2023,1
last christmas,wham!,2FRnf9qhLbvw8fu4IBXx78,1984,2023,1
handle on you,parker mccollum,4reXo2zg1uhEIpUAacDb9C,2023,2023,1
por las noches,peso pluma,6YWME4xCa5Lm6X1exVMQIC,2021,2023,1
memory lane,old dominion,1nrgBXtczBXNSlqIezjwbR,2023,2023,1
area codes,kaliii,7sliFe6W30tPBPh6dvZsIH,2023,2023,1
bury me in georgia,kane brown,4EKH0ajMHXTkq4ztWuztVH,2022,2023,1
prc,peso pluma & natanael cano,2mpoNBkngUEwnaKoBhZ0vl,2023,2023,1
what my world spins around,jordan davis,6vjZxvzdAeHp7jv3R398Xm,2023,2023,1
ain't that some,morgan wallen,1rFH4TZS38gkcLcW02bEm7,2023,2023,1
wild as her,corey kent,3kXH9BQq0TyNliiP1MIE6N,2023,2023,1
peaches & eggplants,young nudy,2KcQ0PbPj0O3P48B9YX7iN,2023,2023,1
i wrote the book,morgan wallen,55uX7uGvi9LNkIcY087lYy,2023,2023,1
"bzrp music sessions, vol. 53",bizarrap & shakira,4nrPB8O7Y7wsOCJdgXkthe,2023,2023,1
meltdown,travis scott,67nepsnrcZkowTxMWigSbb,2023,2023,1
put it on da floor again,latto,6c6WmIHcHlhccEwSFBhzNa,2023,2023,1
bloody mary,lady gaga,11BKm0j4eYoCPPpCONAVwA,2011,2023,1
watermelon moonshine,lainey wilson,3sYBFUXTv0STUoUINx9Qe8,2022,2023,1
lose control,teddy swims,17phhZDn6oGtzMe56NuWvj,2023,2024,1
a bar song (tipsy),shaboozey,2FQrifJ1N335Ljm3TjTVVf,2024,2024,1
beautiful things,benson boone,3xkHsmpQCBMytMJNiDf3Ii,2024,2024,1
i had some help,post malone,5IZXB5IKAD2qlvTPJYDCFB,2024,2024,1
lovin on me,jack harlow,4xhsWYTOGcal8zt0J161CU,2023,2024,1
not like us,kendrick lamar,6AI3ezQ4o3HUoP6Dhudph3,2024,2024,1
espresso,sabrina carpenter,2HRqTpkrJO5ggZyyK6NPWz,2024,2024,1
million dollar baby,tommy richman,5AJ9hqTS2wcFQCELCFRO7A,2024,2024,1
too sweet,hozier,76JKIsdKrAfWUMjaA0u7v5,2024,2024,1
stick season,noah kahan,0mflMxspEfB0VbI1kyLiAv,2022,2024,1
greedy,tate mcrae,3rUGC1vUpkDG9CZFHMur1t,2023,2024,1
like that,future & metro boomin & kendrick lamar,2tudvzsrR56uom6smgOcSf,2024,2024,1
birds of a feather,billie eilish,6dOtVTDdiauQNBQEDOtlAB,2024,2024,1
please please please,sabrina carpenter,2tHwzyyOLoWSFqYNjeVMzj,2024,2024,1
agora hills,doja cat,7dJYggqjKo71KI9sLzqCs8,2023,2024,1
"good luck, babe!",chappell roan,0WbMK4wrZ1wFSty9F7FCgu,2024,2024,1
saturn,sza,040I32EKLxQrkuxQu1pqvT,2024,2024,1
fortnight,taylor swift,2OzhQlSqBEmt7hmkYxfT6m,2024,2024,1
water,tyla,5aIVCx5tnk0ntmdiinnYvw,2023,2024,1
feather,sabrina carpenter,2Zo1PcszsT9WQ0ANntJbID,2023,2024,1
we can't be friends (wait for your love),ariana grande,51ZQ1vr10ffzbwIjDCwqm4,2024,2024,1
austin,dasha,2uqYupMHANxnwgeiXTZXzd,2024,2024,1
cowgirls,morgan wallen,4mtmmBBEgdJLYWnLy5zvWE,2023,2024,1
pink skies,zach bryan,4ZJ4vzLQekI0WntDbanNC7,2024,2024,1
texas hold 'em,beyoncé,7wLShogStyDeZvL0a6daN5,2024,2024,1
is it over now?,taylor swift,1Iq8oo9XkmmvCQiGOfORiz,2023,2024,1
miles on it,marshmello & kane brown,4pkb8SbRGeHAvdb87v9rpf,2024,2024,1
i can do it with a broken heart,taylor swift,4q5YezDOIPcoLr8R81x9qy,2024,2024,1
wild ones,jessie murph & jelly roll,0kE09o4Jdeu7vqjmkV1YJP,2024,2024,1
ain't no love in oklahoma,luke combs,6GG4yyk3UATdBfTHVgI8PB,2024,2024,1
carnival,¥$ & kanye west & ty dolla sign,2McT2fkH0VDqPsbiB9HWPq,2024,2024,1
houdini,eminem,2HYFX63wP3otVIvopRS99Z,2024,2024,1
wanna be,glorilla & megan thee stallion,7mOC6phfrfz3jfigg1aGsE,2024,2024,1
slow it down,benson boone,51eSHglvG1RJXtL3qI5trr,2024,2024,1
redrum,21 savage,52eIcoLUM25zbQupAZYoFh,2024,2024,1
houdini,dua lipa,6D8y7Bck8h11byRY88Pt2z,2024,2024,1
yeah glo!,glorilla,5A8xI7PN4WDe9e61xEdt94,2024,2024,1
rich baby daddy,drake,1yeB8MUNeLo9Ek1UEpsyz6,2023,2024,1
end of beginning,djo,3qhlB30KknSejmIvZZLjOD,2022,2024,1
lunch,billie eilish,629DixmZGHc7ILtEntuiWE,2024,2024,1
never lose me,flo milli,2x2olWuWXpqjoeE4bO1NFS,2024,2024,1
lies lies lies,morgan wallen,1KL0yUBT1U2PfVUWIhWL7l,2025,2024,1
type shit,future & metro boomin & travis scott & playboi carti,28drn6tQo95MRvO0jQEo5C,2024,2024,1
gata only,floyymenor & cris mj,6XjDF6nds4DE2BBbagZol6,2024,2024,1
hot to go!,chappell roan,3j6CeoBBlm40Msn1JE1SPD,2023,2024,1
get it sexyy,sexyy red,6UmKnXmG7VmYqFnmSPOfRj,2024,2024,1
made for me,muni long,0WIv5qV41y6YjjB9V1biuC,2023,2024,1
whatever she wants,bryson tiller,57wp7VFnV8X0pSVnYArGeJ,2024,2024,1
pretty little poison,warren zeiders,0MIp9iBm1V41ERxkZnmSUG,2023,2024,1
first person shooter,drake,7aqfrAY2p9BUSiupwk3svU,2023,2024,1
die with a smile,lady gaga & bruno mars,2plbrEY59IikOBgBGLjaoe,2024,2024,1
i like the way you kiss me,artemas,2GxrNKugF82CnoRFbQfzPf,2024,2024,1
save me,jelly roll,30LZU3ReFIndjHLfaahreM,2023,2024,1
euphoria,kendrick lamar,77DRzu7ERs0TX3roZcre7Q,2024,2024,1
truck bed,hardy,6CThut6kPrjot0pTJOTEer,2023,2024,1
where the wild things are,luke combs,0eBFgRxyVSeuT4iyrbukdn,2023,2024,1
everybody,nicki minaj,5ZJGv7aGdIr9IGpxzSG18T,2023,2024,1
la diabla,xavi,0R6NfOiLzLj4O5VbYSJAjf,2023,2024,1
stargazing,myles smith,3Vr3zh0r7ALn8VLqCiRR10,2024,2024,1
i am not okay,jelly roll,3SaS0Va6o6jYkWvadT86C6,2024,2024,1
pour me a drink,post malone,0mNzElhEofvgMWAJoOA4q9,2024,2024,1
white horse,chris stapleton,1DgtQlVNotingln271ZKCx,2023,2024,1
lil boo thang,paul russell,0cVyQfDyRnMJ0V3rjjdlU3,2023,2024,1
good good,usher & summer walker & 21 savage,0J1YRLYhTG1MBosjidD7OI,2023,2024,1
act ii: date @ 8,4batz & drake,3QS9ZCtoSCJhmaJ7QNXSAS,2024,2024,1
high road,koe wetzel,1FhgmMvNlh3nJ1Ldc2eE6H,2024,2024,1
monaco,bad bunny,4MjDJD8cW7iVeWInc2Bdyj,2023,2024,1
idgaf,drake,2YSzYUF3jWqb9YP9VXmpjE,2023,2024,1
burn it down,parker mccollum,09hVlIVHtEE1nLUv6YGZiW,2023,2024,1
taste,sabrina carpenter,5G2f63n7IPVPPjfNIGih7Q,2024,2024,1
where it ends,bailey zimmerman,0wXThIDxO3YRJCpPgnmbkw,2023,2024,1
ftcu,nicki minaj,1a73gcEg6h6Re6hHXoVltJ,2023,2024,1
wildflower,billie eilish,3QaPy1KgI7nu9FJEQUgn6h,2024,2024,1
world on fire,nate smith,5ya0TmUQw2wHMkq36rPsnd,2023,2024,1
on my mama,victoria monét,7DswEZZthZ6piQpL25qGAM,2023,2024,1
"yes, and?",ariana grande,5D34wRmbFS29AjtTOP2QJe,2024,2024,1
exes,tate mcrae,4E63weMCaNZuGPEFMnuEi8,2023,2024,1
wind up missin' you,tucker wetmore,3EO58D1YpHnTvBy68gK8HE,2024,2024,1
bulletproof,nate smith,6rVuwfysYo1Bp4Hoc4YuE0,2024,2024,1
fe!n,travis scott,42VsgItocQwOQC3XWZ8JNA,2023,2024,1
the painter,cody johnson,5DQU4Fmdx7Hs7pwtcZMSTK,2023,2024,1
down bad,taylor swift,1kbEbBdEgQdQeLXCJh28pJ,2024,2024,1
